Date,obs,
1/1/2000,44.634613,
1/2/2000,44.634613,
1/3/2000,43.9496841,
1/4/2000,43.9496841,
1/5/2000,43.72137,
1/6/2000,42.8081322,
1/7/2000,41.8948936,
1/8/2000,41.8948936,
1/9/2000,41.20996,
1/10/2000,41.8948936,
1/11/2000,40.98165,
1/12/2000,39.72595,
1/13/2000,42.4656677,
1/14/2000,40.98165,
1/15/2000,39.72595,
1/16/2000,38.5843964,
1/17/2000,37.2145348,
1/18/2000,36.9862251,
1/19/2000,36.5296059,
1/20/2000,36.5296059,
1/21/2000,36.3012962,
1/22/2000,35.844677,
1/23/2000,35.6163673,
1/24/2000,35.6163673,
1/25/2000,35.3880577,
1/26/2000,35.1597443,
1/27/2000,34.9314346,
1/28/2000,34.703125,
1/29/2000,34.4748154,
1/30/2000,34.4748154,
1/31/2000,34.2465057,
2/1/2000,34.0181961,
2/2/2000,33.7898865,
2/3/2000,33.5615768,
2/4/2000,33.1049538,
2/5/2000,32.4200249,
2/6/2000,31.9634056,
2/7/2000,33.5615768,
2/8/2000,32.8766441,
2/9/2000,33.1049538,
2/10/2000,32.8766441,
2/11/2000,32.1917152,
2/12/2000,32.1917152,
2/13/2000,31.9634056,
2/14/2000,31.2784748,
2/15/2000,31.2784748,
2/16/2000,31.0501652,
2/17/2000,31.0501652,
2/18/2000,31.5067844,
2/19/2000,31.0501652,
2/20/2000,31.5067844,
2/21/2000,30.8218555,
2/22/2000,30.8218555,
2/23/2000,31.5067844,
2/24/2000,30.8218555,
2/25/2000,31.5067844,
2/26/2000,31.735096,
2/27/2000,32.1917152,
2/28/2000,31.735096,
2/29/2000,32.8766441,
3/1/2000,33.1049538,
3/2/2000,32.4200249,
3/3/2000,32.8766441,
3/4/2000,31.5067844,
3/5/2000,30.1369247,
3/6/2000,29.4519958,
3/7/2000,30.5935459,
3/8/2000,30.1369247,
3/9/2000,30.1369247,
3/10/2000,30.1369247,
3/11/2000,30.1369247,
3/12/2000,30.8218555,
3/13/2000,31.0501652,
3/14/2000,31.735096,
3/15/2000,33.1049538,
3/16/2000,31.5067844,
3/17/2000,32.6483345,
3/18/2000,33.5615768,
3/19/2000,35.6163673,
3/20/2000,34.9314346,
3/21/2000,32.1917152,
3/22/2000,31.5067844,
3/23/2000,32.8766441,
3/24/2000,33.3332672,
3/25/2000,34.0181961,
3/26/2000,33.1049538,
3/27/2000,34.0181961,
3/28/2000,33.3332672,
3/29/2000,37.10038,
3/30/2000,46.4610939,
3/31/2000,57.4199753,
4/1/2000,74.99985,
4/2/2000,73.51583,
4/3/2000,79.56605,
4/4/2000,69.86287,
4/5/2000,68.60717,
4/6/2000,69.74872,
4/7/2000,65.75329,
4/8/2000,61.5295563,
4/9/2000,57.4199753,
4/10/2000,56.2784233,
4/11/2000,58.21906,
4/12/2000,57.76244,
4/13/2000,60.8446236,
4/14/2000,64.61174,
4/15/2000,65.63914,
4/16/2000,62.55695,
4/17/2000,60.8446236,
4/18/2000,59.4747658,
4/19/2000,58.7898331,
4/20/2000,62.2144852,
4/21/2000,64.61174,
4/22/2000,70.43365,
4/23/2000,71.118576,
4/24/2000,71.5751953,
4/25/2000,72.71674,
4/26/2000,69.63456,
4/27/2000,77.28295,
4/28/2000,80.7075958,
4/29/2000,89.61169,
4/30/2000,83.33316,
5/1/2000,79.56605,
5/2/2000,87.5569,
5/3/2000,86.75781,
5/4/2000,81.39253,
5/5/2000,81.39253,
5/6/2000,79.9085159,
5/7/2000,93.94958,
5/8/2000,80.7075958,
5/9/2000,79.56605,
5/10/2000,84.13225,
5/11/2000,82.53408,
5/12/2000,99.88564,
5/13/2000,112.785156,
5/14/2000,114.155022,
5/15/2000,119.86277,
5/16/2000,108.333115,
5/17/2000,106.8491,
5/18/2000,149.543076,
5/19/2000,175.798737,
5/20/2000,194.063538,
5/21/2000,196.346634,
5/22/2000,195.205078,
5/23/2000,205.479034,
5/24/2000,251.141037,
5/25/2000,261.415,
5/26/2000,316.2094,
5/27/2000,292.236847,
5/28/2000,232.876236,
5/29/2000,192.921982,
5/30/2000,189.49733,
5/31/2000,172.374084,
6/1/2000,176.940277,
6/2/2000,181.506485,
6/3/2000,183.789581,
6/4/2000,176.940277,
6/5/2000,239.72554,159.72554
6/6/2000,365.296051,285.296051
6/7/2000,707.7611,627.7611
6/8/2000,992.007141,912.007141
6/9/2000,688.354736,608.354736
6/10/2000,476.026428,396.026428
6/11/2000,455.478516,375.478516
6/12/2000,327.6249,247.6249
6/13/2000,280.82135,200.82135
6/14/2000,279.6798,199.6798
6/15/2000,276.255157,196.255157
6/16/2000,265.9812,185.9812
6/17/2000,321.917145,241.917145
6/18/2000,591.323,511.323
6/19/2000,413.24118,333.24118
6/20/2000,398.401031,318.401031
6/21/2000,526.254639,446.254639
6/22/2000,809.3591,729.3591
6/23/2000,525.1131,445.1131
6/24/2000,860.7288,780.7288
6/25/2000,533.103943,453.103943
6/26/2000,407.533417,327.533417
6/27/2000,351.597473,271.597473
6/28/2000,366.437622,286.437622
6/29/2000,716.8935,636.8935
6/30/2000,461.186279,381.186279
7/1/2000,388.127075,308.127075
7/2/2000,485.158844,405.158844
7/3/2000,512.556,432.556
7/4/2000,449.770782,369.770782
7/5/2000,433.789063,353.789063
7/6/2000,453.195435,373.195435
7/7/2000,458.903168,378.903168
7/8/2000,520.5469,440.5469
7/9/2000,455.478516,375.478516
7/10/2000,485.158844,405.158844
7/11/2000,651.825134,571.825134
7/12/2000,586.7568,506.7568
7/13/2000,461.186279,381.186279
7/14/2000,802.509766,722.509766
7/15/2000,844.747131,764.747131
7/16/2000,683.7886,603.7886
7/17/2000,714.6104,634.6104
7/18/2000,663.240662,583.240662
7/19/2000,566.2089,486.2089
7/20/2000,682.647034,602.647034
7/21/2000,578.7659,498.7659
7/22/2000,632.4188,552.4188
7/23/2000,501.140533,421.140533
7/24/2000,529.67926,449.67926
7/25/2000,731.733643,651.733643
7/26/2000,722.601257,642.601257
7/27/2000,739.724548,659.724548
7/28/2000,675.7977,595.7977
7/29/2000,697.4872,617.4872
7/30/2000,736.299866,656.299866
7/31/2000,904.1077,824.1077
8/1/2000,891.5507,811.5507
8/2/2000,1034.24451,954.24451
8/3/2000,719.176636,639.176636
8/4/2000,628.994141,548.994141
8/5/2000,582.1906,502.1906
8/6/2000,537.670166,457.670166
8/7/2000,493.1497,413.1497
8/8/2000,559.3596,479.3596
8/9/2000,562.784241,482.784241
8/10/2000,719.176636,639.176636
8/11/2000,683.7886,603.7886
8/12/2000,687.2132,607.2132
8/13/2000,655.2498,575.2498
8/14/2000,715.751953,635.751953
8/15/2000,721.4597,641.4597
8/16/2000,757.9893,677.9893
8/17/2000,719.176636,639.176636
8/18/2000,621.0033,541.0033
8/19/2000,727.1675,647.1675
8/20/2000,595.8892,515.8892
8/21/2000,594.7476,514.7476
8/22/2000,772.829468,692.829468
8/23/2000,671.2315,591.2315
8/24/2000,568.492,488.492
8/25/2000,543.377869,463.377869
8/26/2000,502.282074,422.282074
8/27/2000,551.3687,471.3687
8/28/2000,630.1357,550.1357
8/29/2000,662.0991,582.0991
8/30/2000,809.3591,729.3591
8/31/2000,640.409668,560.409668
9/1/2000,694.0625,614.0625
9/2/2000,757.9893,677.9893
9/3/2000,663.240662,583.240662
9/4/2000,665.523743,585.523743
9/5/2000,647.259,567.259
9/6/2000,723.7428,643.7428
9/7/2000,760.2724,680.2724
9/8/2000,757.9893,677.9893
9/9/2000,676.9393,596.9393
9/10/2000,623.2864,543.2864
9/11/2000,569.633545,489.633545
9/12/2000,506.8483,426.8483
9/13/2000,488.5835,408.5835
9/14/2000,488.5835,408.5835
9/15/2000,473.743317,393.743317
9/16/2000,453.195435,373.195435
9/17/2000,471.460236,391.460236
9/18/2000,445.204559,365.204559
9/19/2000,414.382721,334.382721
9/20/2000,672.373047,592.373047
9/21/2000,497.715881,417.715881
9/22/2000,426.939758,346.939758
9/23/2000,462.32782,382.32782
9/24/2000,402.967224,322.967224
9/25/2000,366.437622,286.437622
9/26/2000,371.0038,291.0038
9/27/2000,348.172821,268.172821
9/28/2000,333.332642,253.332642
9/29/2000,305.935455,225.935455
9/30/2000,277.3967,197.3967
10/1/2000,261.415,181.415
10/2/2000,247.716385,167.716385
10/3/2000,238.583984,158.583984
10/4/2000,234.017792,154.017792
10/5/2000,229.451584,149.451584
10/6/2000,220.319183,140.319183
10/7/2000,214.611435,134.611435
10/8/2000,197.48819,
10/9/2000,188.355774,
10/10/2000,175.798737,
10/11/2000,171.232529,
10/12/2000,162.100128,
10/13/2000,157.53392,
10/14/2000,155.250824,
10/15/2000,150.684631,
10/16/2000,143.835327,
10/17/2000,142.693771,
10/18/2000,141.552231,
10/19/2000,139.269119,
10/20/2000,138.127579,
10/21/2000,135.844467,
10/22/2000,133.561371,
10/23/2000,131.278275,
10/24/2000,126.712074,
10/25/2000,124.42897,
10/26/2000,122.145874,
10/27/2000,119.86277,
10/28/2000,115.29657,
10/29/2000,116.438118,
10/30/2000,114.155022,
10/31/2000,112.328537,
11/1/2000,109.817131,
11/2/2000,109.360512,
11/3/2000,107.762337,
11/4/2000,107.762337,
11/5/2000,106.963249,
11/6/2000,105.365082,
11/7/2000,104.680153,
11/8/2000,104.223534,
11/9/2000,102.739517,
11/10/2000,100.113953,
11/11/2000,97.83085,
11/12/2000,96.23268,
11/13/2000,95.54775,
11/14/2000,93.60712,
11/15/2000,91.66648,
11/16/2000,90.52493,
11/17/2000,89.84,
11/18/2000,88.24183,
11/19/2000,85.95873,
11/20/2000,83.33316,
11/21/2000,81.39253,
11/22/2000,78.76696,
11/23/2000,74.20076,
11/24/2000,71.5751953,
11/25/2000,70.43365,
11/26/2000,69.97703,
11/27/2000,68.15054,
11/28/2000,66.5523758,
11/29/2000,65.41083,
11/30/2000,64.26928,
12/1/2000,61.9861755,
12/2/2000,60.1596947,
12/3/2000,60.1596947,
12/4/2000,60.73047,
12/5/2000,60.3880043,
12/6/2000,60.73047,
12/7/2000,59.2464561,
12/8/2000,58.90399,
12/9/2000,58.90399,
12/10/2000,58.90399,
12/11/2000,57.6482849,
12/12/2000,57.6482849,
12/13/2000,57.4199753,
12/14/2000,56.7350426,
12/15/2000,55.821804,
12/16/2000,55.5934944,
12/17/2000,55.25103,
12/18/2000,53.9953232,
12/19/2000,53.9953232,
12/20/2000,53.7670135,
12/21/2000,53.7670135,
12/22/2000,52.853775,
12/23/2000,52.1688423,
12/24/2000,51.2556038,
12/25/2000,51.59807,
12/26/2000,50.68483,
12/27/2000,50.11405,
12/28/2000,48.85835,
12/29/2000,47.9451065,
12/30/2000,47.9451065,
12/31/2000,47.3743324,
1/1/2001,48.85835,
1/2/2001,47.6026421,
1/3/2001,47.3743324,
1/4/2001,47.031868,
1/5/2001,46.4610939,
1/6/2001,46.4610939,
1/7/2001,45.77616,
1/8/2001,45.54785,
1/9/2001,44.8629227,
1/10/2001,43.72137,
1/11/2001,42.8081322,
1/12/2001,42.8081322,
1/13/2001,42.00905,
1/14/2001,41.20996,
1/15/2001,41.20996,
1/16/2001,40.4108772,
1/17/2001,40.4108772,
1/18/2001,39.38348,
1/19/2001,39.38348,
1/20/2001,39.38348,
1/21/2001,39.38348,
1/22/2001,38.812706,
1/23/2001,38.0136223,
1/24/2001,39.15517,
1/25/2001,39.6117935,
1/26/2001,39.954258,
1/27/2001,40.4108772,
1/28/2001,40.4108772,
1/29/2001,41.20996,
1/30/2001,42.00905,
1/31/2001,42.5798225,
2/1/2001,39.6117935,
2/2/2001,38.3560867,
2/3/2001,36.9862251,
2/4/2001,37.557003,
2/5/2001,36.9862251,
2/6/2001,36.41545,
2/7/2001,35.6163673,
2/8/2001,35.1597443,
2/9/2001,35.95883,
2/10/2001,35.3880577,
2/11/2001,35.1597443,
2/12/2001,34.81728,
2/13/2001,34.36066,
2/14/2001,33.7898865,
2/15/2001,33.2191124,
2/16/2001,33.2191124,
2/17/2001,34.0181961,
2/18/2001,33.2191124,
2/19/2001,33.5615768,
2/20/2001,33.2191124,
2/21/2001,32.76249,
2/22/2001,33.2191124,
2/23/2001,33.5615768,
2/24/2001,34.36066,
2/25/2001,37.2145348,
2/26/2001,44.52046,
2/27/2001,34.36066,
2/28/2001,34.0181961,
3/1/2001,33.2191124,
3/2/2001,32.4200249,
3/3/2001,31.6209412,
3/4/2001,31.16432,
3/5/2001,30.5935459,
3/6/2001,30.8218555,
3/7/2001,31.16432,
3/8/2001,31.6209412,
3/9/2001,32.4200249,
3/10/2001,32.4200249,
3/11/2001,31.6209412,
3/12/2001,31.6209412,
3/13/2001,32.76249,
3/14/2001,33.5615768,
3/15/2001,33.2191124,
3/16/2001,34.36066,
3/17/2001,33.5615768,
3/18/2001,34.0181961,
3/19/2001,33.2191124,
3/20/2001,33.2191124,
3/21/2001,32.9908,
3/22/2001,33.5615768,
3/23/2001,33.7898865,
3/24/2001,32.76249,
3/25/2001,32.4200249,
3/26/2001,32.1917152,
3/27/2001,32.4200249,
3/28/2001,32.1917152,
3/29/2001,42.5798225,
3/30/2001,36.7579155,
3/31/2001,35.6163673,
4/1/2001,35.6163673,
4/2/2001,34.81728,
4/3/2001,40.4108772,
4/4/2001,38.812706,
4/5/2001,34.58897,
4/6/2001,34.81728,
4/7/2001,35.95883,
4/8/2001,35.3880577,
4/9/2001,41.20996,
4/10/2001,42.1232033,
4/11/2001,40.75334,
4/12/2001,41.20996,
4/13/2001,42.922287,
4/14/2001,46.11863,
4/15/2001,44.8629227,
4/16/2001,43.3789063,
4/17/2001,42.3515129,
4/18/2001,51.59807,
4/19/2001,47.6026421,
4/20/2001,45.54785,
4/21/2001,44.634613,
4/22/2001,42.8081322,
4/23/2001,45.54785,
4/24/2001,49.2008133,
4/25/2001,51.9405327,
4/26/2001,61.7578659,
4/27/2001,66.5523758,
4/28/2001,69.2921,
4/29/2001,63.5843468,
4/30/2001,67.35146,
5/1/2001,71.118576,
5/2/2001,86.41535,
5/3/2001,78.4245,
5/4/2001,75.68478,
5/5/2001,69.2921,
5/6/2001,75.3423157,
5/7/2001,94.4062042,
5/8/2001,83.33316,
5/9/2001,228.310043,
5/10/2001,110.3879,
5/11/2001,91.32401,
5/12/2001,84.13225,
5/13/2001,86.41535,
5/14/2001,134.702927,
5/15/2001,116.438118,
5/16/2001,117.579666,
5/17/2001,107.077408,
5/18/2001,91.66648,
5/19/2001,92.1231,
5/20/2001,92.46557,
5/21/2001,101.027191,
5/22/2001,105.93586,
5/23/2001,108.218956,
5/24/2001,139.269119,
5/25/2001,163.241684,
5/26/2001,164.383224,
5/27/2001,158.675476,
5/28/2001,149.543076,
5/29/2001,143.835327,
5/30/2001,141.552231,
5/31/2001,134.702927,
6/1/2001,121.004318,
6/2/2001,122.145874,
6/3/2001,141.552231,
6/4/2001,159.817032,
6/5/2001,423.5151,
6/6/2001,236.300888,
6/7/2001,189.49733,
6/8/2001,184.931137,
6/9/2001,211.186783,
6/10/2001,182.648026,
6/11/2001,199.771286,
6/12/2001,220.319183,
6/13/2001,247.716385,
6/14/2001,267.122742,
6/15/2001,329.90802,
6/16/2001,401.825653,
6/17/2001,446.34613,
6/18/2001,384.702423,
6/19/2001,418.9489,
6/20/2001,545.661,
6/21/2001,609.5878,
6/22/2001,423.5151,
6/23/2001,402.967224,
6/24/2001,376.711548,
6/25/2001,551.3687,
6/26/2001,407.533417,
6/27/2001,408.674957,
6/28/2001,477.167969,
6/29/2001,408.674957,
6/30/2001,432.647522,
7/1/2001,450.912323,
7/2/2001,382.4193,
7/3/2001,380.1362,
7/4/2001,409.816528,
7/5/2001,409.816528,
7/6/2001,376.711548,
7/7/2001,400.6841,
7/8/2001,397.25946,
7/9/2001,365.296051,
7/10/2001,480.592621,
7/11/2001,718.0351,
7/12/2001,584.4737,
7/13/2001,593.6061,
7/14/2001,618.7202,
7/15/2001,735.1583,
7/16/2001,781.961853,
7/17/2001,587.8984,
7/18/2001,512.556,
7/19/2001,517.122253,
7/20/2001,579.9075,
7/21/2001,484.017273,
7/22/2001,488.5835,
7/23/2001,521.6884,
7/24/2001,512.556,
7/25/2001,621.0033,
7/26/2001,799.085144,
7/27/2001,559.3596,
7/28/2001,539.953247,
7/29/2001,769.404846,
7/30/2001,769.404846,
7/31/2001,639.2681,
8/1/2001,557.0765,
8/2/2001,550.2272,
8/3/2001,881.276733,
8/4/2001,696.345642,
8/5/2001,650.6836,
8/6/2001,665.523743,
8/7/2001,518.2638,
8/8/2001,425.798218,
8/9/2001,457.761627,
8/10/2001,432.647522,
8/11/2001,405.2503,
8/12/2001,391.551727,
8/13/2001,404.108765,
8/14/2001,392.693268,
8/15/2001,507.989838,
8/16/2001,539.953247,
8/17/2001,517.122253,
8/18/2001,696.345642,
8/19/2001,714.6104,
8/20/2001,739.724548,
8/21/2001,831.0485,
8/22/2001,844.747131,
8/23/2001,802.509766,
8/24/2001,740.8661,
8/25/2001,705.478,
8/26/2001,578.7659,
8/27/2001,521.6884,
8/28/2001,628.994141,
8/29/2001,480.592621,
8/30/2001,499.999,
8/31/2001,414.382721,
9/1/2001,506.8483,
9/2/2001,470.318665,
9/3/2001,444.063019,
9/4/2001,426.939758,
9/5/2001,559.3596,
9/6/2001,426.939758,
9/7/2001,444.063019,
9/8/2001,494.291229,
9/9/2001,527.3962,
9/10/2001,444.063019,
9/11/2001,436.072174,
9/12/2001,513.6976,
9/13/2001,526.254639,
9/14/2001,520.5469,
9/15/2001,448.6292,
9/16/2001,416.665833,
9/17/2001,374.428467,
9/18/2001,360.729858,
9/19/2001,335.615753,
9/20/2001,310.501648,
9/21/2001,286.529083,
9/22/2001,283.104462,
9/23/2001,299.086151,
9/24/2001,299.086151,
9/25/2001,254.565689,
9/26/2001,240.8671,
9/27/2001,246.574844,
9/28/2001,237.442444,
9/29/2001,224.885391,
9/30/2001,216.894531,
10/1/2001,215.752991,
10/2/2001,239.72554,
10/3/2001,220.319183,
10/4/2001,224.885391,
10/5/2001,206.62059,
10/6/2001,196.346634,
10/7/2001,197.48819,
10/8/2001,194.063538,
10/9/2001,191.780426,
10/10/2001,206.62059,
10/11/2001,202.054382,
10/12/2001,188.355774,
10/13/2001,166.666321,
10/14/2001,151.826172,
10/15/2001,140.410675,
10/16/2001,134.702927,
10/17/2001,135.844467,
10/18/2001,135.844467,
10/19/2001,131.278275,
10/20/2001,130.136719,
10/21/2001,128.995178,
10/22/2001,127.853622,
10/23/2001,125.570518,
10/24/2001,124.42897,
10/25/2001,126.712074,
10/26/2001,117.579666,
10/27/2001,114.040863,
10/28/2001,114.040863,
10/29/2001,111.07283,
10/30/2001,105.365082,
10/31/2001,103.081985,
11/1/2001,101.597969,
11/2/2001,99.65733,
11/3/2001,98.9724045,
11/4/2001,97.83085,
11/5/2001,96.23268,
11/6/2001,93.94958,
11/7/2001,89.84,
11/8/2001,89.38338,
11/9/2001,85.6162643,
11/10/2001,82.53408,
11/11/2001,79.56605,
11/12/2001,76.4838638,
11/13/2001,73.8583,
11/14/2001,70.43365,
11/15/2001,67.693924,
11/16/2001,65.41083,
11/17/2001,64.26928,
11/18/2001,64.26928,
11/19/2001,64.7259,
11/20/2001,64.26928,
11/21/2001,63.92681,
11/22/2001,64.26928,
11/23/2001,64.7259,
11/24/2001,65.41083,
11/25/2001,64.26928,
11/26/2001,64.7259,
11/27/2001,64.26928,
11/28/2001,64.26928,
11/29/2001,63.5843468,
11/30/2001,63.5843468,
12/1/2001,63.1277237,
12/2/2001,63.1277237,
12/3/2001,62.4427948,
12/4/2001,61.9861755,
12/5/2001,61.9861755,
12/6/2001,61.9861755,
12/7/2001,61.072937,
12/8/2001,60.1596947,
12/9/2001,59.2464561,
12/10/2001,57.4199753,
12/11/2001,57.4199753,
12/12/2001,57.07751,
12/13/2001,56.5067329,
12/14/2001,56.7350426,
12/15/2001,56.5067329,
12/16/2001,55.5934944,
12/17/2001,55.5934944,
12/18/2001,52.1688423,
12/19/2001,50.68483,
12/20/2001,49.7715874,
12/21/2001,49.4291229,
12/22/2001,48.5158844,
12/23/2001,48.2875748,
12/24/2001,47.031868,
12/25/2001,46.11863,
12/26/2001,45.54785,
12/27/2001,44.29215,
12/28/2001,43.72137,
12/29/2001,42.00905,
12/30/2001,41.5524254,
12/31/2001,41.43827,
1/1/2002,40.98165,
1/2/2002,40.4108772,
1/3/2002,39.954258,
1/4/2002,39.954258,
1/5/2002,39.38348,
1/6/2002,39.15517,
1/7/2002,38.812706,
1/8/2002,38.5843964,
1/9/2002,38.0136223,
1/10/2002,37.7853127,
1/11/2002,37.2145348,
1/12/2002,37.2145348,
1/13/2002,36.7579155,
1/14/2002,36.41545,
1/15/2002,35.6163673,
1/16/2002,57.07751,
1/17/2002,40.98165,
1/18/2002,38.3560867,
1/19/2002,38.812706,
1/20/2002,38.0136223,
1/21/2002,37.7853127,
1/22/2002,37.2145348,
1/23/2002,36.41545,
1/24/2002,35.6163673,
1/25/2002,35.3880577,
1/26/2002,34.81728,
1/27/2002,34.81728,
1/28/2002,36.41545,
1/29/2002,35.6163673,
1/30/2002,35.1597443,
1/31/2002,34.81728,
2/1/2002,34.81728,
2/2/2002,34.0181961,
2/3/2002,33.2191124,
2/4/2002,33.2191124,
2/5/2002,32.9908,
2/6/2002,32.4200249,
2/7/2002,32.4200249,
2/8/2002,31.9634056,
2/9/2002,31.6209412,
2/10/2002,31.6209412,
2/11/2002,31.6209412,
2/12/2002,47.9451065,
2/13/2002,38.5843964,
2/14/2002,37.557003,
2/15/2002,34.81728,
2/16/2002,34.81728,
2/17/2002,34.36066,
2/18/2002,34.0181961,
2/19/2002,33.2191124,
2/20/2002,33.2191124,
2/21/2002,33.2191124,
2/22/2002,32.9908,
2/23/2002,33.2191124,
2/24/2002,32.76249,
2/25/2002,33.2191124,
2/26/2002,32.76249,
2/27/2002,32.4200249,
2/28/2002,32.1917152,
3/1/2002,32.4200249,
3/2/2002,33.5615768,
3/3/2002,33.5615768,
3/4/2002,35.95883,
3/5/2002,35.6163673,
3/6/2002,35.6163673,
3/7/2002,35.95883,
3/8/2002,35.3880577,
3/9/2002,35.6163673,
3/10/2002,36.7579155,
3/11/2002,37.2145348,
3/12/2002,37.557003,
3/13/2002,38.812706,
3/14/2002,46.4610939,
3/15/2002,44.29215,
3/16/2002,43.72137,
3/17/2002,46.4610939,
3/18/2002,39.954258,
3/19/2002,40.4108772,
3/20/2002,40.98165,
3/21/2002,43.9496841,
3/22/2002,49.4291229,
3/23/2002,53.9953232,
3/24/2002,50.3423653,
3/25/2002,59.4747658,
3/26/2002,58.67568,
3/27/2002,42.3515129,
3/28/2002,41.20996,
3/29/2002,40.98165,
3/30/2002,39.954258,
3/31/2002,42.00905,
4/1/2002,42.922287,
4/2/2002,39.6117935,
4/3/2002,54.6802559,
4/4/2002,45.2053871,
4/5/2002,49.2008133,
4/6/2002,65.41083,
4/7/2002,69.97703,
4/8/2002,72.71674,
4/9/2002,73.8583,
4/10/2002,65.63914,
4/11/2002,63.92681,
4/12/2002,52.1688423,
4/13/2002,50.68483,
4/14/2002,62.2144852,
4/15/2002,69.2921,
4/16/2002,80.7075958,
4/17/2002,97.83085,
4/18/2002,113.584244,
4/19/2002,102.739517,
4/20/2002,105.47924,
4/21/2002,122.145874,
4/22/2002,91.66648,
4/23/2002,102.397049,
4/24/2002,102.739517,
4/25/2002,102.397049,
4/26/2002,107.648186,
4/27/2002,83.67563,
4/28/2002,75.68478,
4/29/2002,71.118576,
4/30/2002,63.92681,
5/1/2002,69.2921,
5/2/2002,73.40168,
5/3/2002,79.56605,
5/4/2002,92.80803,
5/5/2002,102.397049,
5/6/2002,106.27832,
5/7/2002,124.42897,
5/8/2002,102.739517,
5/9/2002,115.29657,
5/10/2002,138.127579,
5/11/2002,122.145874,
5/12/2002,121.004318,
5/13/2002,118.721222,
5/14/2002,178.081833,
5/15/2002,194.063538,
5/16/2002,249.9995,
5/17/2002,231.7347,
5/18/2002,320.7756,
5/19/2002,339.0404,
5/20/2002,204.337479,
5/21/2002,141.552231,
5/22/2002,133.561371,
5/23/2002,127.853622,
5/24/2002,118.721222,
5/25/2002,127.853622,
5/26/2002,138.127579,
5/27/2002,126.712074,
5/28/2002,138.127579,
5/29/2002,126.712074,
5/30/2002,110.616211,
5/31/2002,108.218956,
6/1/2002,114.040863,
6/2/2002,126.712074,
6/3/2002,132.419815,
6/4/2002,134.702927,
6/5/2002,148.40152,
6/6/2002,141.552231,
6/7/2002,143.835327,
6/8/2002,157.53392,
6/9/2002,158.675476,
6/10/2002,226.026932,
6/11/2002,311.6432,
6/12/2002,309.3601,
6/13/2002,319.634064,
6/14/2002,273.972046,
6/15/2002,275.1136,
6/16/2002,278.538239,
6/17/2002,299.086151,
6/18/2002,261.415,
6/19/2002,302.5108,
6/20/2002,329.90802,
6/21/2002,327.6249,
6/22/2002,278.538239,
6/23/2002,262.556549,
6/24/2002,303.652344,
6/25/2002,319.634064,
6/26/2002,384.702423,
6/27/2002,457.761627,
6/28/2002,383.560852,
6/29/2002,398.401031,
6/30/2002,460.044739,
7/1/2002,528.5377,
7/2/2002,660.9576,
7/3/2002,720.3182,
7/4/2002,672.373047,
7/5/2002,462.32782,
7/6/2002,550.2272,
7/7/2002,462.32782,
7/8/2002,444.063019,
7/9/2002,414.382721,
7/10/2002,506.8483,
7/11/2002,457.761627,
7/12/2002,480.592621,
7/13/2002,372.145355,
7/14/2002,431.505981,
7/15/2002,409.816528,
7/16/2002,393.8348,
7/17/2002,356.163666,
7/18/2002,372.145355,
7/19/2002,396.11792,
7/20/2002,477.167969,
7/21/2002,584.4737,
7/22/2002,642.692749,
7/23/2002,635.843445,
7/24/2002,621.0033,
7/25/2002,584.4737,
7/26/2002,448.6292,
7/27/2002,453.195435,
7/28/2002,625.5695,
7/29/2002,526.254639,
7/30/2002,457.761627,
7/31/2002,598.1723,
8/1/2002,619.861755,
8/2/2002,590.181458,
8/3/2002,603.880066,
8/4/2002,609.5878,
8/5/2002,595.8892,
8/6/2002,550.2272,
8/7/2002,453.195435,
8/8/2002,406.391876,
8/9/2002,431.505981,
8/10/2002,474.8849,
8/11/2002,563.9258,
8/12/2002,592.464539,
8/13/2002,570.7751,
8/14/2002,611.8709,
8/15/2002,550.2272,
8/16/2002,534.2455,
8/17/2002,613.012451,
8/18/2002,660.9576,
8/19/2002,557.0765,
8/20/2002,665.523743,
8/21/2002,779.6788,
8/22/2002,784.245,
8/23/2002,659.81604,
8/24/2002,610.7294,
8/25/2002,561.6427,
8/26/2002,536.528564,
8/27/2002,476.026428,
8/28/2002,522.83,
8/29/2002,480.592621,
8/30/2002,441.779938,
8/31/2002,417.807373,
9/1/2002,367.579163,
9/2/2002,372.145355,
9/3/2002,391.551727,
9/4/2002,496.574341,
9/5/2002,541.0948,
9/6/2002,519.405334,
9/7/2002,441.779938,
9/8/2002,423.5151,
9/9/2002,385.843964,
9/10/2002,388.127075,
9/11/2002,320.7756,
9/12/2002,389.268616,
9/13/2002,353.880554,
9/14/2002,312.78476,
9/15/2002,303.652344,
9/16/2002,285.387543,
9/17/2002,295.6615,
9/18/2002,300.2277,
9/19/2002,302.5108,
9/20/2002,278.538239,
9/21/2002,243.150192,
9/22/2002,332.1911,
9/23/2002,271.688934,
9/24/2002,271.688934,
9/25/2002,319.634064,
9/26/2002,441.779938,
9/27/2002,353.880554,
9/28/2002,299.086151,
9/29/2002,277.3967,
9/30/2002,263.6981,
10/1/2002,251.141037,
10/2/2002,246.574844,
10/3/2002,232.876236,
10/4/2002,224.885391,
10/5/2002,203.195938,
10/6/2002,202.054382,
10/7/2002,200.912827,
10/8/2002,198.62973,
10/9/2002,194.063538,
10/10/2002,182.648026,
10/11/2002,175.798737,
10/12/2002,171.232529,
10/13/2002,168.949432,
10/14/2002,162.100128,
10/15/2002,156.39238,
10/16/2002,152.967728,
10/17/2002,150.684631,
10/18/2002,144.976868,
10/19/2002,141.552231,
10/20/2002,136.986023,
10/21/2002,133.561371,
10/22/2002,133.561371,
10/23/2002,132.419815,
10/24/2002,130.136719,
10/25/2002,123.287422,
10/26/2002,117.579666,
10/27/2002,118.721222,
10/28/2002,115.29657,
10/29/2002,115.29657,
10/30/2002,110.616211,
10/31/2002,107.534027,
11/1/2002,106.73494,
11/2/2002,102.853676,
11/3/2002,97.83085,
11/4/2002,92.80803,
11/5/2002,88.01352,
11/6/2002,84.81718,
11/7/2002,81.73499,
11/8/2002,79.79436,
11/9/2002,80.9359055,
11/10/2002,86.41535,
11/11/2002,86.07288,
11/12/2002,86.87197,
11/13/2002,97.37423,
11/14/2002,89.15507,
11/15/2002,88.01352,
11/16/2002,85.6162643,
11/17/2002,84.47472,
11/18/2002,84.0181,
11/19/2002,82.53408,
11/20/2002,82.87654,
11/21/2002,81.73499,
11/22/2002,79.79436,
11/23/2002,78.99527,
11/24/2002,79.33774,
11/25/2002,78.19619,
11/26/2002,77.16879,
11/27/2002,76.3697052,
11/28/2002,76.0272446,
11/29/2002,75.3423157,
11/30/2002,74.99985,
12/1/2002,74.20076,
12/2/2002,71.6893539,
12/3/2002,72.0318146,
12/4/2002,70.5478,
12/5/2002,69.52041,
12/6/2002,67.693924,
12/7/2002,65.29667,
12/8/2002,64.7259,
12/9/2002,63.6985,
12/10/2002,62.6711044,
12/11/2002,61.3012466,
12/12/2002,60.95878,
12/13/2002,61.64371,
12/14/2002,63.01357,
12/15/2002,61.3012466,
12/16/2002,60.6163139,
12/17/2002,60.6163139,
12/18/2002,59.36061,
12/19/2002,58.67568,
12/20/2002,57.6482849,
12/21/2002,57.6482849,
12/22/2002,57.30582,
12/23/2002,57.07751,
12/24/2002,55.821804,
12/25/2002,53.88117,
12/26/2002,53.88117,
12/27/2002,53.65286,
12/28/2002,52.96793,
12/29/2002,52.73962,
12/30/2002,50.7989845,
12/31/2002,50.7989845,
1/1/2003,54.5660973,
1/2/2003,50.2282066,
1/3/2003,49.8857422,
1/4/2003,49.6574326,
1/5/2003,48.63004,
1/6/2003,48.05926,
1/7/2003,47.2601776,
1/8/2003,46.6894035,
1/9/2003,46.34694,
1/10/2003,46.11863,
1/11/2003,44.9770775,
1/12/2003,44.634613,
1/13/2003,43.8355255,
1/14/2003,43.03644,
1/15/2003,42.1232033,
1/16/2003,42.4656677,
1/17/2003,42.1232033,
1/18/2003,42.4656677,
1/19/2003,42.4656677,
1/20/2003,42.1232033,
1/21/2003,41.5524254,
1/22/2003,43.03644,
1/23/2003,43.03644,
1/24/2003,42.1232033,
1/25/2003,42.1232033,
1/26/2003,41.5524254,
1/27/2003,41.8948936,
1/28/2003,41.3241158,
1/29/2003,41.5524254,
1/30/2003,39.8401031,
1/31/2003,39.8401031,
2/1/2003,48.5158844,
2/2/2003,43.8355255,
2/3/2003,43.26475,
2/4/2003,41.5524254,
2/5/2003,39.38348,
2/6/2003,39.15517,
2/7/2003,39.6117935,
2/8/2003,38.812706,
2/9/2003,37.557003,
2/10/2003,37.557003,
2/11/2003,37.32869,
2/12/2003,36.5296059,
2/13/2003,36.0729866,
2/14/2003,35.844677,
2/15/2003,36.0729866,
2/16/2003,35.844677,
2/17/2003,35.5022125,
2/18/2003,35.844677,
2/19/2003,44.06384,
2/20/2003,44.06384,
2/21/2003,43.26475,
2/22/2003,35.04559,
2/23/2003,35.04559,
2/24/2003,39.954258,
2/25/2003,38.3560867,
2/26/2003,36.0729866,
2/27/2003,39.15517,
2/28/2003,40.1825676,
3/1/2003,42.4656677,
3/2/2003,44.06384,
3/3/2003,42.1232033,
3/4/2003,42.1232033,
3/5/2003,38.812706,
3/6/2003,38.812706,
3/7/2003,38.3560867,
3/8/2003,42.4656677,
3/9/2003,43.26475,
3/10/2003,41.8948936,
3/11/2003,38.5843964,
3/12/2003,40.6391869,
3/13/2003,37.32869,
3/14/2003,37.557003,
3/15/2003,44.9770775,
3/16/2003,47.031868,
3/17/2003,43.8355255,
3/18/2003,41.5524254,
3/19/2003,39.954258,
3/20/2003,41.8948936,
3/21/2003,41.66658,
3/22/2003,42.4656677,
3/23/2003,47.83095,
3/24/2003,64.84005,
3/25/2003,55.93596,
3/26/2003,49.6574326,
3/27/2003,50.5706749,
3/28/2003,53.65286,
3/29/2003,58.3332138,
3/30/2003,54.79441,
3/31/2003,62.32864,
4/1/2003,60.27385,
4/2/2003,61.64371,
4/3/2003,65.63914,
4/4/2003,75.3423157,
4/5/2003,72.8309,
4/6/2003,69.17794,
4/7/2003,64.7259,
4/8/2003,62.6711044,
4/9/2003,62.32864,
4/10/2003,60.95878,
4/11/2003,70.20534,
4/12/2003,71.6893539,
4/13/2003,73.8583,
4/14/2003,84.13225,
4/15/2003,79.4519,
4/16/2003,74.20076,
4/17/2003,89.15507,
4/18/2003,93.26465,
4/19/2003,97.37423,
4/20/2003,98.28747,
4/21/2003,100.684731,
4/22/2003,105.022621,
4/23/2003,106.73494,
4/24/2003,110.159592,
4/25/2003,111.4153,
4/26/2003,110.159592,
4/27/2003,127.853622,
4/28/2003,115.29657,
4/29/2003,94.5203552,
4/30/2003,86.64366,
5/1/2003,76.0272446,
5/2/2003,73.8583,
5/3/2003,80.5934448,
5/4/2003,95.43359,
5/5/2003,86.5295,
5/6/2003,75.3423157,
5/7/2003,69.86287,
5/8/2003,65.63914,
5/9/2003,67.12315,
5/10/2003,62.6711044,
5/11/2003,61.64371,
5/12/2003,75.68478,
5/13/2003,83.67563,
5/14/2003,101.2555,
5/15/2003,96.11852,
5/16/2003,100.342262,
5/17/2003,105.022621,
5/18/2003,105.022621,
5/19/2003,106.27832,
5/20/2003,109.246353,
5/21/2003,104.565994,
5/22/2003,116.438118,
5/23/2003,113.812553,
5/24/2003,130.136719,
5/25/2003,130.136719,
5/26/2003,146.118423,
5/27/2003,146.118423,
5/28/2003,144.976868,
5/29/2003,146.118423,
5/30/2003,147.259979,
5/31/2003,162.100128,
6/1/2003,188.355774,
6/2/2003,178.081833,
6/3/2003,180.364929,
6/4/2003,197.48819,
6/5/2003,187.214233,
6/6/2003,170.090973,
6/7/2003,150.684631,
6/8/2003,151.826172,
6/9/2003,168.949432,
6/10/2003,198.62973,
6/11/2003,279.6798,
6/12/2003,234.017792,
6/13/2003,221.460739,
6/14/2003,228.310043,
6/15/2003,192.921982,
6/16/2003,197.48819,
6/17/2003,210.045242,
6/18/2003,269.405853,
6/19/2003,292.236847,
6/20/2003,329.90802,
6/21/2003,360.729858,
6/22/2003,616.4371,
6/23/2003,366.437622,
6/24/2003,523.971558,
6/25/2003,368.7207,
6/26/2003,337.898865,
6/27/2003,472.601776,
6/28/2003,420.090485,
6/29/2003,485.158844,
6/30/2003,553.651855,
7/1/2003,512.556,
7/2/2003,420.090485,
7/3/2003,599.313843,
7/4/2003,634.7019,
7/5/2003,436.072174,
7/6/2003,570.7751,
7/7/2003,446.34613,
7/8/2003,665.523743,
7/9/2003,839.039368,
7/10/2003,658.674438,
7/11/2003,552.5103,
7/12/2003,502.282074,
7/13/2003,586.7568,
7/14/2003,537.670166,
7/15/2003,598.1723,
7/16/2003,555.934937,
7/17/2003,671.2315,
7/18/2003,643.8343,
7/19/2003,659.81604,
7/20/2003,703.194946,
7/21/2003,634.7019,
7/22/2003,568.492,
7/23/2003,667.8069,
7/24/2003,542.2363,
7/25/2003,446.34613,
7/26/2003,485.158844,
7/27/2003,507.989838,
7/28/2003,536.528564,
7/29/2003,667.8069,
7/30/2003,601.5969,
7/31/2003,881.276733,
8/1/2003,670.089966,
8/2/2003,603.880066,
8/3/2003,551.3687,
8/4/2003,545.661,
8/5/2003,479.45108,
8/6/2003,498.857422,
8/7/2003,454.336975,
8/8/2003,507.989838,
8/9/2003,432.647522,
8/10/2003,441.779938,
8/11/2003,447.487671,
8/12/2003,458.903168,
8/13/2003,567.350464,
8/14/2003,578.7659,
8/15/2003,601.5969,
8/16/2003,616.4371,
8/17/2003,549.085632,
8/18/2003,878.993652,
8/19/2003,575.3413,
8/20/2003,652.966736,
8/21/2003,537.670166,
8/22/2003,473.743317,
8/23/2003,519.405334,
8/24/2003,528.5377,
8/25/2003,517.122253,
8/26/2003,555.934937,
8/27/2003,546.802551,
8/28/2003,474.8849,
8/29/2003,502.282074,
8/30/2003,555.934937,
8/31/2003,570.7751,
9/1/2003,560.50116,
9/2/2003,655.2498,
9/3/2003,569.633545,
9/4/2003,737.4414,
9/5/2003,626.71106,
9/6/2003,597.030762,
9/7/2003,644.9758,
9/8/2003,497.715881,
9/9/2003,522.83,
9/10/2003,485.158844,
9/11/2003,449.770782,
9/12/2003,484.017273,
9/13/2003,455.478516,
9/14/2003,487.441925,
9/15/2003,528.5377,
9/16/2003,623.2864,
9/17/2003,477.167969,
9/18/2003,449.770782,
9/19/2003,382.4193,
9/20/2003,361.8714,
9/21/2003,357.3052,
9/22/2003,352.739,
9/23/2003,408.674957,
9/24/2003,391.551727,
9/25/2003,404.108765,
9/26/2003,386.9855,
9/27/2003,342.465057,
9/28/2003,319.634064,
9/29/2003,291.0953,
9/30/2003,321.917145,
10/1/2003,267.122742,
10/2/2003,246.574844,
10/3/2003,228.310043,
10/4/2003,221.460739,
10/5/2003,213.469879,
10/6/2003,205.479034,
10/7/2003,200.912827,
10/8/2003,189.49733,
10/9/2003,188.355774,
10/10/2003,179.223373,
10/11/2003,173.515625,
10/12/2003,168.949432,
10/13/2003,164.383224,
10/14/2003,162.100128,
10/15/2003,164.383224,
10/16/2003,162.100128,
10/17/2003,155.250824,
10/18/2003,154.109268,
10/19/2003,152.967728,
10/20/2003,149.543076,
10/21/2003,146.118423,
10/22/2003,141.552231,
10/23/2003,138.127579,
10/24/2003,134.702927,
10/25/2003,133.561371,
10/26/2003,128.995178,
10/27/2003,126.712074,
10/28/2003,121.004318,
10/29/2003,118.721222,
10/30/2003,114.155022,
10/31/2003,110.73037,
11/1/2003,118.721222,
11/2/2003,101.369659,
11/3/2003,100.570572,
11/4/2003,100.2281,
11/5/2003,99.42902,
11/6/2003,98.62994,
11/7/2003,97.03177,
11/8/2003,95.89021,
11/9/2003,94.2920456,
11/10/2003,91.66648,
11/11/2003,89.2692261,
11/12/2003,88.5843,
11/13/2003,87.78521,
11/14/2003,84.81718,
11/15/2003,82.64823,
11/16/2003,80.47929,
11/17/2003,79.33774,
11/18/2003,77.96788,
11/19/2003,77.16879,
11/20/2003,74.20076,
11/21/2003,72.14597,
11/22/2003,71.118576,
11/23/2003,70.7761154,
11/24/2003,71.118576,
11/25/2003,70.09118,
11/26/2003,69.74872,
11/27/2003,69.17794,
11/28/2003,66.20991,
11/29/2003,64.84005,
11/30/2003,63.92681,
12/1/2003,63.3560371,
12/2/2003,63.01357,
12/3/2003,62.10033,
12/4/2003,61.4154,
12/5/2003,61.072937,
12/6/2003,60.1596947,
12/7/2003,60.1596947,
12/8/2003,59.81723,
12/9/2003,57.99075,
12/10/2003,56.39258,
12/11/2003,55.25103,
12/12/2003,53.88117,
12/13/2003,54.109478,
12/14/2003,52.6254654,
12/15/2003,52.0546875,
12/16/2003,50.68483,
12/17/2003,48.63004,
12/18/2003,47.2601776,
12/19/2003,47.031868,
12/20/2003,48.9725037,
12/21/2003,49.2008133,
12/22/2003,48.63004,
12/23/2003,49.2008133,
12/24/2003,48.05926,
12/25/2003,47.6026421,
12/26/2003,47.031868,
12/27/2003,46.80356,
12/28/2003,49.2008133,
12/29/2003,47.6026421,
12/30/2003,47.6026421,
12/31/2003,47.031868,
1/1/2004,44.634613,
1/2/2004,44.4063034,
1/3/2004,43.8355255,
1/4/2004,42.4656677,
1/5/2004,42.23736,
1/6/2004,41.43827,
1/7/2004,41.20996,
1/8/2004,40.4108772,
1/9/2004,39.6117935,
1/10/2004,39.6117935,
1/11/2004,40.1825676,
1/12/2004,40.1825676,
1/13/2004,40.0684128,
1/14/2004,38.47024,
1/15/2004,36.7579155,
1/16/2004,36.5296059,
1/17/2004,36.3012962,
1/18/2004,35.7305222,
1/19/2004,36.7579155,
1/20/2004,36.3012962,
1/21/2004,35.95883,
1/22/2004,38.0136223,
1/23/2004,37.4428444,
1/24/2004,39.15517,
1/25/2004,36.9862251,
1/26/2004,35.5022125,
1/27/2004,35.5022125,
1/28/2004,35.04559,
1/29/2004,34.81728,
1/30/2004,34.36066,
1/31/2004,33.7898865,
2/1/2004,32.8766441,
2/2/2004,32.4200249,
2/3/2004,31.9634056,
2/4/2004,31.9634056,
2/5/2004,31.735096,
2/6/2004,31.39263,
2/7/2004,30.93601,
2/8/2004,31.9634056,
2/9/2004,33.90404,
2/10/2004,33.90404,
2/11/2004,30.93601,
2/12/2004,31.16432,
2/13/2004,32.4200249,
2/14/2004,31.39263,
2/15/2004,30.93601,
2/16/2004,31.16432,
2/17/2004,32.4200249,
2/18/2004,32.9908,
2/19/2004,30.93601,
2/20/2004,30.7077,
2/21/2004,31.16432,
2/22/2004,33.3332672,
2/23/2004,33.5615768,
2/24/2004,35.7305222,
2/25/2004,36.5296059,
2/26/2004,37.4428444,
2/27/2004,38.0136223,
2/28/2004,36.5296059,
2/29/2004,34.81728,
3/1/2004,34.0181961,
3/2/2004,33.5615768,
3/3/2004,35.04559,
3/4/2004,36.5296059,
3/5/2004,35.95883,
3/6/2004,33.7898865,
3/7/2004,31.6209412,
3/8/2004,30.02277,
3/9/2004,30.7077,
3/10/2004,32.4200249,
3/11/2004,33.1049538,
3/12/2004,31.9634056,
3/13/2004,33.5615768,
3/14/2004,32.4200249,
3/15/2004,33.3332672,
3/16/2004,34.58897,
3/17/2004,36.5296059,
3/18/2004,39.954258,
3/19/2004,43.03644,
3/20/2004,49.2008133,
3/21/2004,52.6254654,
3/22/2004,61.9861755,
3/23/2004,68.83548,
3/24/2004,64.61174,
3/25/2004,57.4199753,
3/26/2004,52.96793,
3/27/2004,49.31497,
3/28/2004,40.1825676,
3/29/2004,38.69855,
3/30/2004,38.2419319,
3/31/2004,37.4428444,
4/1/2004,36.9862251,
4/2/2004,35.95883,
4/3/2004,44.4063034,
4/4/2004,40.98165,
4/5/2004,40.75334,
4/6/2004,40.4108772,
4/7/2004,39.954258,
4/8/2004,41.43827,
4/9/2004,41.43827,
4/10/2004,42.23736,
4/11/2004,50.11405,
4/12/2004,62.6711044,
4/13/2004,59.2464561,
4/14/2004,55.02272,
4/15/2004,49.6574326,
4/16/2004,42.8081322,
4/17/2004,48.63004,
4/18/2004,56.0501137,
4/19/2004,48.744194,
4/20/2004,53.88117,
4/21/2004,60.50216,
4/22/2004,57.6482849,
4/23/2004,56.2784233,
4/24/2004,54.4519424,
4/25/2004,55.5934944,
4/26/2004,52.3971519,
4/27/2004,51.4839134,
4/28/2004,59.931385,
4/29/2004,56.6208878,
4/30/2004,63.3560371,
5/1/2004,58.3332138,
5/2/2004,50.68483,
5/3/2004,47.031868,
5/4/2004,48.1734161,
5/5/2004,46.80356,
5/6/2004,43.8355255,
5/7/2004,50.3423653,
5/8/2004,61.072937,
5/9/2004,61.072937,
5/10/2004,71.8035049,
5/11/2004,88.01352,
5/12/2004,89.04092,
5/13/2004,88.35599,
5/14/2004,94.2920456,
5/15/2004,102.2829,
5/16/2004,110.045441,
5/17/2004,141.552231,
5/18/2004,155.250824,
5/19/2004,158.675476,
5/20/2004,204.337479,
5/21/2004,194.063538,
5/22/2004,128.995178,
5/23/2004,136.986023,
5/24/2004,152.967728,
5/25/2004,128.995178,
5/26/2004,99.7714844,
5/27/2004,111.757767,
5/28/2004,106.73494,
5/29/2004,119.86277,
5/30/2004,99.7714844,
5/31/2004,92.80803,
6/1/2004,141.552231,
6/2/2004,121.004318,
6/3/2004,127.853622,
6/4/2004,118.721222,
6/5/2004,127.853622,
6/6/2004,111.643608,
6/7/2004,109.132195,
6/8/2004,122.145874,
6/9/2004,138.127579,
6/10/2004,160.958572,
6/11/2004,181.506485,
6/12/2004,159.817032,
6/13/2004,136.986023,
6/14/2004,174.657181,
6/15/2004,236.300888,
6/16/2004,263.6981,
6/17/2004,278.538239,
6/18/2004,461.186279,
6/19/2004,365.296051,
6/20/2004,394.976379,
6/21/2004,386.9855,
6/22/2004,434.930634,
6/23/2004,391.551727,
6/24/2004,366.437622,
6/25/2004,260.273438,
6/26/2004,229.451584,
6/27/2004,247.716385,
6/28/2004,243.150192,
6/29/2004,242.008636,
6/30/2004,297.9446,
7/1/2004,288.8122,
7/2/2004,295.6615,
7/3/2004,285.387543,
7/4/2004,311.6432,
7/5/2004,391.551727,
7/6/2004,447.487671,
7/7/2004,460.044739,
7/8/2004,439.496826,
7/9/2004,399.542572,
7/10/2004,336.7573,
7/11/2004,576.482849,
7/12/2004,495.43277,
7/13/2004,471.460236,
7/14/2004,410.958069,
7/15/2004,479.45108,
7/16/2004,436.072174,
7/17/2004,503.423645,
7/18/2004,482.875732,
7/19/2004,421.232025,
7/20/2004,569.633545,
7/21/2004,514.8391,
7/22/2004,557.0765,
7/23/2004,412.0996,
7/24/2004,482.875732,
7/25/2004,662.0991,
7/26/2004,561.6427,
7/27/2004,582.1906,
7/28/2004,565.0673,
7/29/2004,601.5969,
7/30/2004,594.7476,
7/31/2004,592.464539,
8/1/2004,595.8892,
8/2/2004,688.354736,
8/3/2004,591.323,
8/4/2004,563.9258,
8/5/2004,549.085632,
8/6/2004,523.971558,
8/7/2004,551.3687,
8/8/2004,640.409668,
8/9/2004,551.3687,
8/10/2004,614.154,
8/11/2004,553.651855,
8/12/2004,519.405334,
8/13/2004,558.218,
8/14/2004,502.282074,
8/15/2004,522.83,
8/16/2004,542.2363,
8/17/2004,567.350464,
8/18/2004,593.6061,
8/19/2004,615.295532,
8/20/2004,720.3182,
8/21/2004,666.6653,
8/22/2004,543.377869,
8/23/2004,477.167969,
8/24/2004,444.063019,
8/25/2004,410.958069,
8/26/2004,390.410156,
8/27/2004,391.551727,
8/28/2004,393.8348,
8/29/2004,417.807373,
8/30/2004,429.22287,
8/31/2004,418.9489,
9/1/2004,441.779938,
9/2/2004,428.081329,
9/3/2004,439.496826,
9/4/2004,457.761627,
9/5/2004,365.296051,
9/6/2004,337.898865,
9/7/2004,332.1911,
9/8/2004,337.898865,
9/9/2004,357.3052,
9/10/2004,433.789063,
9/11/2004,365.296051,
9/12/2004,335.615753,
9/13/2004,293.3784,
9/14/2004,287.670654,
9/15/2004,323.058716,
9/16/2004,312.78476,
9/17/2004,300.2277,
9/18/2004,302.5108,
9/19/2004,304.7939,
9/20/2004,320.7756,
9/21/2004,305.935455,
9/22/2004,339.0404,
9/23/2004,262.556549,
9/24/2004,294.519958,
9/25/2004,267.122742,
9/26/2004,265.9812,
9/27/2004,259.1319,
9/28/2004,259.1319,
9/29/2004,297.9446,
9/30/2004,257.990356,
10/1/2004,264.83963,
10/2/2004,351.597473,
10/3/2004,327.6249,
10/4/2004,297.9446,
10/5/2004,271.688934,
10/6/2004,238.583984,
10/7/2004,246.574844,
10/8/2004,226.026932,
10/9/2004,208.903687,
10/10/2004,200.912827,
10/11/2004,196.346634,
10/12/2004,195.205078,
10/13/2004,253.424149,
10/14/2004,181.506485,
10/15/2004,148.40152,
10/16/2004,223.743835,
10/17/2004,220.319183,
10/18/2004,213.469879,
10/19/2004,210.045242,
10/20/2004,191.780426,
10/21/2004,171.232529,
10/22/2004,154.109268,
10/23/2004,142.693771,
10/24/2004,138.127579,
10/25/2004,135.844467,
10/26/2004,133.561371,
10/27/2004,131.278275,
10/28/2004,131.278275,
10/29/2004,128.995178,
10/30/2004,127.853622,
10/31/2004,122.145874,
11/1/2004,119.86277,
11/2/2004,112.785156,
11/3/2004,108.675575,
11/4/2004,103.766914,
11/5/2004,101.369659,
11/6/2004,97.37423,
11/7/2004,95.43359,
11/8/2004,94.7486649,
11/9/2004,93.49296,
11/10/2004,91.20986,
11/11/2004,86.30119,
11/12/2004,84.47472,
11/13/2004,82.9907,
11/14/2004,81.9633,
11/15/2004,81.62084,
11/16/2004,81.62084,
11/17/2004,81.1642151,
11/18/2004,79.79436,
11/19/2004,78.65281,
11/20/2004,76.1413956,
11/21/2004,74.42907,
11/22/2004,73.17337,
11/23/2004,71.4610443,
11/24/2004,70.43365,
11/25/2004,70.09118,
11/26/2004,69.17794,
11/27/2004,68.15054,
11/28/2004,66.5523758,
11/29/2004,65.86745,
11/30/2004,64.84005,
12/1/2004,63.92681,
12/2/2004,62.10033,
12/3/2004,60.73047,
12/4/2004,60.73047,
12/5/2004,60.1596947,
12/6/2004,59.81723,
12/7/2004,60.50216,
12/8/2004,60.1596947,
12/9/2004,59.81723,
12/10/2004,59.2464561,
12/11/2004,58.90399,
12/12/2004,58.21906,
12/13/2004,59.2464561,
12/14/2004,60.73047,
12/15/2004,60.73047,
12/16/2004,58.5615234,
12/17/2004,57.30582,
12/18/2004,56.7350426,
12/19/2004,55.25103,
12/20/2004,53.88117,
12/21/2004,52.6254654,
12/22/2004,51.4839134,
12/23/2004,49.7715874,
12/24/2004,47.83095,
12/25/2004,46.00447,
12/26/2004,44.8629227,
12/27/2004,44.06384,
12/28/2004,43.8355255,
12/29/2004,43.03644,
12/30/2004,43.26475,
12/31/2004,44.4063034,
1/1/2005,42.8081322,
1/2/2005,42.23736,
1/3/2005,42.23736,
1/4/2005,42.4656677,
1/5/2005,41.66658,
1/6/2005,40.8674965,
1/7/2005,40.4108772,
1/8/2005,39.6117935,
1/9/2005,39.38348,
1/10/2005,38.92686,
1/11/2005,38.69855,
1/12/2005,37.6711578,
1/13/2005,37.4428444,
1/14/2005,37.2145348,
1/15/2005,36.7579155,
1/16/2005,36.3012962,
1/17/2005,35.7305222,
1/18/2005,50.91314,
1/19/2005,38.69855,
1/20/2005,38.92686,
1/21/2005,41.66658,
1/22/2005,43.8355255,
1/23/2005,39.2693253,
1/24/2005,37.6711578,
1/25/2005,36.9862251,
1/26/2005,36.3012962,
1/27/2005,35.7305222,
1/28/2005,35.04559,
1/29/2005,35.04559,
1/30/2005,35.04559,
1/31/2005,34.58897,
2/1/2005,35.04559,
2/2/2005,34.58897,
2/3/2005,34.13235,
2/4/2005,33.5615768,
2/5/2005,33.5615768,
2/6/2005,33.1049538,
2/7/2005,32.6483345,
2/8/2005,32.4200249,
2/9/2005,32.4200249,
2/10/2005,32.6483345,
2/11/2005,32.1917152,
2/12/2005,32.1917152,
2/13/2005,31.735096,
2/14/2005,32.1917152,
2/15/2005,33.1049538,
2/16/2005,35.5022125,
2/17/2005,33.3332672,
2/18/2005,31.735096,
2/19/2005,31.16432,
2/20/2005,30.7077,
2/21/2005,30.25108,
2/22/2005,31.16432,
2/23/2005,31.6209412,
2/24/2005,31.6209412,
2/25/2005,32.4200249,
2/26/2005,31.16432,
2/27/2005,35.7305222,
2/28/2005,35.04559,
3/1/2005,35.5022125,
3/2/2005,38.0136223,
3/3/2005,42.4656677,
3/4/2005,43.8355255,
3/5/2005,49.8857422,
3/6/2005,39.15517,
3/7/2005,37.4428444,
3/8/2005,36.7579155,
3/9/2005,36.3012962,
3/10/2005,36.5296059,
3/11/2005,38.0136223,
3/12/2005,35.7305222,
3/13/2005,33.7898865,
3/14/2005,33.5615768,
3/15/2005,39.72595,
3/16/2005,38.2419319,
3/17/2005,41.20996,
3/18/2005,46.2327843,
3/19/2005,46.2327843,
3/20/2005,45.2053871,
3/21/2005,46.4610939,
3/22/2005,47.4884872,
3/23/2005,44.634613,
3/24/2005,44.4063034,
3/25/2005,39.15517,
3/26/2005,36.7579155,
3/27/2005,36.9862251,
3/28/2005,38.47024,
3/29/2005,40.1825676,
3/30/2005,38.92686,
3/31/2005,38.92686,
4/1/2005,36.9862251,
4/2/2005,38.0136223,
4/3/2005,37.4428444,
4/4/2005,36.9862251,
4/5/2005,38.47024,
4/6/2005,51.8263779,
4/7/2005,59.0181465,
4/8/2005,52.96793,
4/9/2005,48.744194,
4/10/2005,41.43827,
4/11/2005,39.15517,
4/12/2005,40.1825676,
4/13/2005,47.3743324,
4/14/2005,57.76244,
4/15/2005,63.6985,
4/16/2005,71.118576,
4/17/2005,69.17794,
4/18/2005,67.80808,
4/19/2005,64.95421,
4/20/2005,60.50216,
4/21/2005,57.99075,
4/22/2005,68.49301,
4/23/2005,72.4884338,
4/24/2005,72.14597,
4/25/2005,87.5569,
4/26/2005,83.90394,
4/27/2005,92.69388,
4/28/2005,87.21443,
4/29/2005,72.4884338,
4/30/2005,65.52498,
5/1/2005,60.50216,
5/2/2005,61.072937,
5/3/2005,63.3560371,
5/4/2005,69.40625,
5/5/2005,73.51583,
5/6/2005,77.16879,
5/7/2005,72.8309,
5/8/2005,89.38338,
5/9/2005,100.684731,
5/10/2005,110.73037,
5/11/2005,93.60712,
5/12/2005,87.10028,
5/13/2005,80.1368256,
5/14/2005,78.99527,
5/15/2005,71.8035049,
5/16/2005,84.24641,
5/17/2005,85.73042,
5/18/2005,92.80803,
5/19/2005,97.83085,
5/20/2005,105.8217,
5/21/2005,93.60712,
5/22/2005,101.48381,
5/23/2005,110.50206,
5/24/2005,134.702927,
5/25/2005,134.702927,
5/26/2005,139.269119,
5/27/2005,146.118423,
5/28/2005,139.269119,
5/29/2005,146.118423,
5/30/2005,151.826172,
5/31/2005,146.118423,
6/1/2005,131.278275,
6/2/2005,128.995178,
6/3/2005,126.712074,
6/4/2005,124.42897,
6/5/2005,105.47924,
6/6/2005,97.37423,
6/7/2005,95.09113,
6/8/2005,98.9724045,
6/9/2005,103.424446,
6/10/2005,113.6984,
6/11/2005,132.419815,
6/12/2005,143.835327,
6/13/2005,183.789581,
6/14/2005,200.912827,
6/15/2005,207.762131,
6/16/2005,218.036087,
6/17/2005,220.319183,
6/18/2005,253.424149,
6/19/2005,200.912827,
6/20/2005,207.762131,
6/21/2005,218.036087,
6/22/2005,220.319183,
6/23/2005,200.912827,
6/24/2005,207.762131,
6/25/2005,190.638885,
6/26/2005,218.036087,
6/27/2005,319.634064,
6/28/2005,273.972046,
6/29/2005,277.3967,
6/30/2005,343.6066,
7/1/2005,358.446747,
7/2/2005,502.282074,
7/3/2005,457.761627,
7/4/2005,488.5835,
7/5/2005,452.053864,
7/6/2005,636.985,
7/7/2005,417.807373,
7/8/2005,365.296051,
7/9/2005,310.501648,
7/10/2005,366.437622,
7/11/2005,394.976379,
7/12/2005,432.647522,
7/13/2005,434.930634,
7/14/2005,537.670166,
7/15/2005,506.8483,
7/16/2005,492.008118,
7/17/2005,530.820862,
7/18/2005,654.1083,
7/19/2005,546.802551,
7/20/2005,458.903168,
7/21/2005,440.638367,
7/22/2005,493.1497,
7/23/2005,505.706726,
7/24/2005,489.725037,
7/25/2005,560.50116,
7/26/2005,599.313843,
7/27/2005,489.725037,
7/28/2005,488.5835,
7/29/2005,488.5835,
7/30/2005,499.999,
7/31/2005,424.656677,
8/1/2005,414.382721,
8/2/2005,495.43277,
8/3/2005,529.67926,
8/4/2005,601.5969,
8/5/2005,555.934937,
8/6/2005,590.181458,
8/7/2005,667.8069,
8/8/2005,497.715881,
8/9/2005,440.638367,
8/10/2005,389.268616,
8/11/2005,375.57,
8/12/2005,613.012451,
8/13/2005,408.674957,
8/14/2005,428.081329,
8/15/2005,536.528564,
8/16/2005,544.5195,
8/17/2005,571.9166,
8/18/2005,544.5195,
8/19/2005,707.7611,
8/20/2005,611.8709,
8/21/2005,599.313843,
8/22/2005,630.1357,
8/23/2005,615.295532,
8/24/2005,614.154,
8/25/2005,521.6884,
8/26/2005,575.3413,
8/27/2005,619.861755,
8/28/2005,447.487671,
8/29/2005,386.9855,
8/30/2005,356.163666,
8/31/2005,361.8714,
9/1/2005,364.1545,
9/2/2005,368.7207,
9/3/2005,371.0038,
9/4/2005,406.391876,
9/5/2005,361.8714,
9/6/2005,345.8897,
9/7/2005,319.634064,
9/8/2005,307.077,
9/9/2005,304.7939,
9/10/2005,301.369263,
9/11/2005,293.3784,
9/12/2005,277.3967,
9/13/2005,260.273438,
9/14/2005,309.3601,
9/15/2005,283.104462,
9/16/2005,236.300888,
9/17/2005,219.177643,
9/18/2005,218.036087,
9/19/2005,234.017792,
9/20/2005,222.60228,
9/21/2005,260.273438,
9/22/2005,277.3967,
9/23/2005,273.972046,
9/24/2005,265.9812,
9/25/2005,245.433289,
9/26/2005,221.460739,
9/27/2005,195.205078,
9/28/2005,191.780426,
9/29/2005,187.214233,
9/30/2005,181.506485,
10/1/2005,189.49733,
10/2/2005,175.798737,
10/3/2005,176.940277,
10/4/2005,173.515625,
10/5/2005,168.949432,
10/6/2005,172.374084,
10/7/2005,160.958572,
10/8/2005,147.259979,
10/9/2005,164.383224,
10/10/2005,140.410675,
10/11/2005,138.127579,
10/12/2005,136.986023,
10/13/2005,131.278275,
10/14/2005,128.995178,
10/15/2005,127.853622,
10/16/2005,122.145874,
10/17/2005,121.004318,
10/18/2005,116.438118,
10/19/2005,112.785156,
10/20/2005,164.383224,
10/21/2005,204.337479,
10/22/2005,131.278275,
10/23/2005,118.721222,
10/24/2005,132.419815,
10/25/2005,124.42897,
10/26/2005,121.004318,
10/27/2005,117.579666,
10/28/2005,114.155022,
10/29/2005,111.186989,
10/30/2005,109.132195,
10/31/2005,109.474663,
11/1/2005,106.620789,
11/2/2005,100.91304,
11/3/2005,98.17332,
11/4/2005,94.7486649,
11/5/2005,92.35141,
11/6/2005,88.5843,
11/7/2005,86.64366,
11/8/2005,84.81718,
11/9/2005,83.78979,
11/10/2005,83.44732,
11/11/2005,82.64823,
11/12/2005,82.9907,
11/13/2005,80.1368256,
11/14/2005,79.33774,
11/15/2005,78.65281,
11/16/2005,77.16879,
11/17/2005,79.79436,
11/18/2005,77.96788,
11/19/2005,76.4838638,
11/20/2005,75.7989349,
11/21/2005,76.4838638,
11/22/2005,76.94048,
11/23/2005,74.77154,
11/24/2005,73.17337,
11/25/2005,70.09118,
11/26/2005,68.83548,
11/27/2005,67.4656143,
11/28/2005,65.18252,
11/29/2005,63.3560371,
11/30/2005,62.10033,
12/1/2005,61.072937,
12/2/2005,60.50216,
12/3/2005,59.81723,
12/4/2005,57.99075,
12/5/2005,57.6482849,
12/6/2005,57.99075,
12/7/2005,57.6482849,
12/8/2005,57.30582,
12/9/2005,56.7350426,
12/10/2005,55.821804,
12/11/2005,54.4519424,
12/12/2005,52.96793,
12/13/2005,52.0546875,
12/14/2005,51.4839134,
12/15/2005,50.3423653,
12/16/2005,50.3423653,
12/17/2005,48.9725037,
12/18/2005,48.40173,
12/19/2005,47.2601776,
12/20/2005,46.80356,
12/21/2005,45.4336967,
12/22/2005,44.634613,
12/23/2005,43.26475,
12/24/2005,42.23736,
12/25/2005,40.6391869,
12/26/2005,40.8674965,
12/27/2005,39.38348,
12/28/2005,38.92686,
12/29/2005,39.15517,
12/30/2005,39.38348,
12/31/2005,42.5798225,
1/1/2006,40.1825676,
1/2/2006,39.954258,
1/3/2006,39.38348,
1/4/2006,39.15517,
1/5/2006,38.47024,
1/6/2006,38.47024,
1/7/2006,38.0136223,
1/8/2006,38.0136223,
1/9/2006,36.9862251,
1/10/2006,36.9862251,
1/11/2006,36.9862251,
1/12/2006,36.5296059,
1/13/2006,36.5296059,
1/14/2006,36.3012962,
1/15/2006,36.7579155,
1/16/2006,35.7305222,
1/17/2006,35.7305222,
1/18/2006,35.04559,
1/19/2006,35.04559,
1/20/2006,34.81728,
1/21/2006,35.04559,
1/22/2006,34.58897,
1/23/2006,33.7898865,
1/24/2006,33.3332672,
1/25/2006,32.4200249,
1/26/2006,31.9634056,
1/27/2006,32.4200249,
1/28/2006,32.8766441,
1/29/2006,32.8766441,
1/30/2006,33.3332672,
1/31/2006,33.3332672,
2/1/2006,34.0181961,
2/2/2006,34.36066,
2/3/2006,34.0181961,
2/4/2006,33.1049538,
2/5/2006,33.1049538,
2/6/2006,32.4200249,
2/7/2006,32.30587,
2/8/2006,31.9634056,
2/9/2006,31.39263,
2/10/2006,31.16432,
2/11/2006,31.6209412,
2/12/2006,32.1917152,
2/13/2006,31.735096,
2/14/2006,31.735096,
2/15/2006,30.47939,
2/16/2006,30.93601,
2/17/2006,31.39263,
2/18/2006,31.9634056,
2/19/2006,31.735096,
2/20/2006,31.6209412,
2/21/2006,31.9634056,
2/22/2006,31.735096,
2/23/2006,33.7898865,
2/24/2006,33.3332672,
2/25/2006,35.2739,
2/26/2006,35.95883,
2/27/2006,37.2145348,
2/28/2006,34.0181961,
3/1/2006,32.9908,
3/2/2006,31.39263,
3/3/2006,31.39263,
3/4/2006,30.93601,
3/5/2006,31.6209412,
3/6/2006,31.16432,
3/7/2006,31.39263,
3/8/2006,31.16432,
3/9/2006,31.735096,
3/10/2006,33.90404,
3/11/2006,48.63004,
3/12/2006,55.3651848,
3/13/2006,34.4748154,
3/14/2006,36.5296059,
3/15/2006,33.7898865,
3/16/2006,31.735096,
3/17/2006,31.6209412,
3/18/2006,30.93601,
3/19/2006,30.7077,
3/20/2006,30.93601,
3/21/2006,32.4200249,
3/22/2006,31.6209412,
3/23/2006,31.39263,
3/24/2006,34.58897,
3/25/2006,37.2145348,
3/26/2006,41.5524254,
3/27/2006,35.2739,
3/28/2006,34.81728,
3/29/2006,32.4200249,
3/30/2006,32.1917152,
3/31/2006,33.90404,
4/1/2006,36.9862251,
4/2/2006,42.23736,
4/3/2006,42.00905,
4/4/2006,42.00905,
4/5/2006,42.8081322,
4/6/2006,42.23736,
4/7/2006,45.4336967,
4/8/2006,54.79441,
4/9/2006,56.2784233,
4/10/2006,59.2464561,
4/11/2006,54.4519424,
4/12/2006,47.2601776,
4/13/2006,45.6620064,
4/14/2006,43.8355255,
4/15/2006,42.4656677,
4/16/2006,43.03644,
4/17/2006,42.4656677,
4/18/2006,48.1734161,
4/19/2006,44.634613,
4/20/2006,47.031868,
4/21/2006,47.2601776,
4/22/2006,46.4610939,
4/23/2006,47.031868,
4/24/2006,50.91314,
4/25/2006,52.6254654,
4/26/2006,58.67568,
4/27/2006,53.88117,
4/28/2006,57.4199753,
4/29/2006,58.90399,
4/30/2006,66.20991,
5/1/2006,82.76239,
5/2/2006,80.5934448,
5/3/2006,75.5706253,
5/4/2006,69.17794,
5/5/2006,68.94963,
5/6/2006,71.118576,
5/7/2006,69.86287,
5/8/2006,105.47924,
5/9/2006,100.2281,
5/10/2006,112.100227,
5/11/2006,125.570518,
5/12/2006,127.853622,
5/13/2006,102.2829,
5/14/2006,101.027191,
5/15/2006,109.588821,
5/16/2006,117.579666,
5/17/2006,123.287422,
5/18/2006,125.570518,
5/19/2006,122.145874,
5/20/2006,111.643608,
5/21/2006,135.844467,
5/22/2006,150.684631,
5/23/2006,142.693771,
5/24/2006,154.109268,
5/25/2006,162.100128,
5/26/2006,255.707245,
5/27/2006,229.451584,
5/28/2006,232.876236,
5/29/2006,211.186783,
5/30/2006,234.017792,
5/31/2006,228.310043,
6/1/2006,200.912827,
6/2/2006,199.771286,
6/3/2006,212.328339,
6/4/2006,245.433289,
6/5/2006,196.346634,
6/6/2006,255.707245,
6/7/2006,230.59314,
6/8/2006,263.6981,
6/9/2006,339.0404,
6/10/2006,386.9855,
6/11/2006,521.6884,
6/12/2006,361.8714,
6/13/2006,297.9446,
6/14/2006,232.876236,
6/15/2006,200.912827,
6/16/2006,182.648026,
6/17/2006,175.798737,
6/18/2006,167.807877,
6/19/2006,168.949432,
6/20/2006,172.374084,
6/21/2006,167.807877,
6/22/2006,156.39238,
6/23/2006,188.355774,
6/24/2006,227.168488,
6/25/2006,267.122742,
6/26/2006,251.141037,
6/27/2006,368.7207,
6/28/2006,336.7573,
6/29/2006,406.391876,
6/30/2006,321.917145,
7/1/2006,328.766449,
7/2/2006,328.766449,
7/3/2006,410.958069,
7/4/2006,345.8897,
7/5/2006,466.894043,
7/6/2006,373.286926,
7/7/2006,390.410156,
7/8/2006,378.994659,
7/9/2006,407.533417,
7/10/2006,437.2137,
7/11/2006,477.167969,
7/12/2006,423.5151,
7/13/2006,520.5469,
7/14/2006,440.638367,
7/15/2006,566.2089,
7/16/2006,666.6653,
7/17/2006,583.332153,
7/18/2006,412.0996,
7/19/2006,453.195435,
7/20/2006,433.789063,
7/21/2006,471.460236,
7/22/2006,511.4145,
7/23/2006,626.71106,
7/24/2006,528.5377,
7/25/2006,541.0948,
7/26/2006,493.1497,
7/27/2006,506.8483,
7/28/2006,414.382721,
7/29/2006,413.24118,
7/30/2006,389.268616,
7/31/2006,429.22287,
8/1/2006,454.336975,
8/2/2006,439.496826,
8/3/2006,473.743317,
8/4/2006,424.656677,
8/5/2006,425.798218,
8/6/2006,455.478516,
8/7/2006,474.8849,
8/8/2006,454.336975,
8/9/2006,446.34613,
8/10/2006,391.551727,
8/11/2006,372.145355,
8/12/2006,343.6066,
8/13/2006,341.323517,
8/14/2006,381.277771,
8/15/2006,418.9489,
8/16/2006,384.702423,
8/17/2006,352.739,
8/18/2006,337.898865,
8/19/2006,328.766449,
8/20/2006,397.25946,
8/21/2006,469.177124,
8/22/2006,383.560852,
8/23/2006,482.875732,
8/24/2006,445.204559,
8/25/2006,616.4371,
8/26/2006,635.843445,
8/27/2006,568.492,
8/28/2006,610.7294,
8/29/2006,502.282074,
8/30/2006,489.725037,
8/31/2006,471.460236,
9/1/2006,408.674957,
9/2/2006,353.880554,
9/3/2006,334.4742,
9/4/2006,319.634064,
9/5/2006,340.181946,
9/6/2006,332.1911,
9/7/2006,296.80304,
9/8/2006,287.670654,
9/9/2006,380.1362,
9/10/2006,303.652344,
9/11/2006,323.058716,
9/12/2006,420.090485,
9/13/2006,498.857422,
9/14/2006,369.862274,
9/15/2006,294.519958,
9/16/2006,275.1136,
9/17/2006,263.6981,
9/18/2006,267.122742,
9/19/2006,284.246,
9/20/2006,284.246,
9/21/2006,263.6981,
9/22/2006,289.953735,
9/23/2006,520.5469,
9/24/2006,392.693268,
9/25/2006,318.4925,
9/26/2006,293.3784,
9/27/2006,255.707245,
9/28/2006,236.300888,
9/29/2006,227.168488,
9/30/2006,213.469879,
10/1/2006,208.903687,
10/2/2006,205.479034,
10/3/2006,202.054382,
10/4/2006,189.49733,
10/5/2006,176.940277,
10/6/2006,173.515625,
10/7/2006,167.807877,
10/8/2006,166.666321,
10/9/2006,167.807877,
10/10/2006,157.53392,
10/11/2006,150.684631,
10/12/2006,146.118423,
10/13/2006,143.835327,
10/14/2006,141.552231,
10/15/2006,136.986023,
10/16/2006,132.419815,
10/17/2006,128.995178,
10/18/2006,123.287422,
10/19/2006,119.86277,
10/20/2006,117.579666,
10/21/2006,112.785156,
10/22/2006,109.931282,
10/23/2006,107.305717,
10/24/2006,103.538605,
10/25/2006,101.48381,
10/26/2006,99.0865555,
10/27/2006,97.83085,
10/28/2006,95.6619,
10/29/2006,94.2920456,
10/30/2006,93.83543,
10/31/2006,95.43359,
11/1/2006,91.66648,
11/2/2006,90.75324,
11/3/2006,89.84,
11/4/2006,89.38338,
11/5/2006,88.47014,
11/6/2006,88.12768,
11/7/2006,87.10028,
11/8/2006,85.6162643,
11/9/2006,84.7030258,
11/10/2006,83.78979,
11/11/2006,83.56148,
11/12/2006,81.9633,
11/13/2006,82.87654,
11/14/2006,81.50668,
11/15/2006,80.5934448,
11/16/2006,80.02267,
11/17/2006,79.56605,
11/18/2006,78.99527,
11/19/2006,78.4245,
11/20/2006,77.0546341,
11/21/2006,76.4838638,
11/22/2006,75.9130859,
11/23/2006,76.4838638,
11/24/2006,74.77154,
11/25/2006,74.42907,
11/26/2006,73.97245,
11/27/2006,73.62999,
11/28/2006,72.8309,
11/29/2006,71.5751953,
11/30/2006,71.004425,
12/1/2006,70.20534,
12/2/2006,69.86287,
12/3/2006,69.40625,
12/4/2006,68.83548,
12/5/2006,68.72132,
12/6/2006,67.92223,
12/7/2006,67.693924,
12/8/2006,67.0089951,
12/9/2006,66.7806854,
12/10/2006,65.9816,
12/11/2006,71.6893539,
12/12/2006,71.5751953,
12/13/2006,67.57977,
12/14/2006,67.0089951,
12/15/2006,67.0089951,
12/16/2006,66.7806854,
12/17/2006,66.4382248,
12/18/2006,65.41083,
12/19/2006,66.20991,
12/20/2006,65.63914,
12/21/2006,65.29667,
12/22/2006,64.15512,
12/23/2006,63.92681,
12/24/2006,63.92681,
12/25/2006,63.01357,
12/26/2006,62.4427948,
12/27/2006,62.55695,
12/28/2006,61.3012466,
12/29/2006,61.4154,
12/30/2006,61.87202,
12/31/2006,61.87202,
1/1/2007,41.5524254,
1/2/2007,38.47024,
1/3/2007,38.2419319,
1/4/2007,38.47024,
1/5/2007,38.0136223,
1/6/2007,37.2145348,
1/7/2007,36.9862251,
1/8/2007,36.5296059,
1/9/2007,36.3012962,
1/10/2007,35.04559,
1/11/2007,34.0181961,
1/12/2007,33.7898865,
1/13/2007,33.3332672,
1/14/2007,32.6483345,
1/15/2007,32.8766441,
1/16/2007,32.1917152,
1/17/2007,31.735096,
1/18/2007,31.6209412,
1/19/2007,31.39263,
1/20/2007,31.16432,
1/21/2007,31.6209412,
1/22/2007,31.39263,
1/23/2007,31.39263,
1/24/2007,31.6209412,
1/25/2007,30.93601,
1/26/2007,31.16432,
1/27/2007,31.9634056,
1/28/2007,31.39263,
1/29/2007,31.16432,
1/30/2007,30.7077,
1/31/2007,30.25108,
2/1/2007,30.02277,
2/2/2007,29.79446,
2/3/2007,29.33784,
2/4/2007,29.56615,
2/5/2007,30.93601,
2/6/2007,30.02277,
2/7/2007,33.90404,
2/8/2007,31.6209412,
2/9/2007,30.7077,
2/10/2007,29.79446,
2/11/2007,29.33784,
2/12/2007,29.56615,
2/13/2007,30.7077,
2/14/2007,47.83095,
2/15/2007,30.7077,
2/16/2007,30.93601,
2/17/2007,33.5615768,
2/18/2007,30.93601,
2/19/2007,30.47939,
2/20/2007,30.93601,
2/21/2007,31.39263,
2/22/2007,31.9634056,
2/23/2007,31.6209412,
2/24/2007,31.39263,
2/25/2007,31.39263,
2/26/2007,32.4200249,
2/27/2007,31.39263,
2/28/2007,30.7077,
3/1/2007,33.1049538,
3/2/2007,34.81728,
3/3/2007,31.16432,
3/4/2007,33.3332672,
3/5/2007,31.6209412,
3/6/2007,35.2739,
3/7/2007,33.90404,
3/8/2007,33.5615768,
3/9/2007,32.4200249,
3/10/2007,31.16432,
3/11/2007,30.02277,
3/12/2007,29.56615,
3/13/2007,38.2419319,
3/14/2007,35.2739,
3/15/2007,37.4428444,
3/16/2007,34.0181961,
3/17/2007,34.36066,
3/18/2007,35.5022125,
3/19/2007,40.2967224,
3/20/2007,45.4336967,
3/21/2007,43.3789063,
3/22/2007,41.20996,
3/23/2007,38.69855,
3/24/2007,39.72595,
3/25/2007,53.5387039,
3/26/2007,49.5432777,
3/27/2007,48.40173,
3/28/2007,52.3971519,
3/29/2007,62.2144852,
3/30/2007,64.04096,
3/31/2007,76.0272446,
4/1/2007,75.45647,
4/2/2007,88.01352,
4/3/2007,76.3697052,
4/4/2007,71.5751953,
4/5/2007,68.83548,
4/6/2007,66.20991,
4/7/2007,70.7761154,
4/8/2007,77.0546341,
4/9/2007,74.31492,
4/10/2007,61.7578659,
4/11/2007,58.67568,
4/12/2007,57.6482849,
4/13/2007,57.07751,
4/14/2007,75.22816,
4/15/2007,69.52041,
4/16/2007,75.22816,
4/17/2007,76.2555542,
4/18/2007,79.9085159,
4/19/2007,72.4884338,
4/20/2007,70.43365,
4/21/2007,68.15054,
4/22/2007,73.51583,
4/23/2007,71.118576,
4/24/2007,71.91766,
4/25/2007,77.62541,
4/26/2007,70.20534,
4/27/2007,57.6482849,
4/28/2007,59.4747658,
4/29/2007,63.01357,
4/30/2007,64.04096,
5/1/2007,58.3332138,
5/2/2007,64.26928,
5/3/2007,66.20991,
5/4/2007,67.80808,
5/5/2007,71.118576,
5/6/2007,82.76239,
5/7/2007,91.78063,
5/8/2007,76.5980148,
5/9/2007,75.9130859,
5/10/2007,74.88569,
5/11/2007,77.28295,
5/12/2007,80.8217545,
5/13/2007,74.54323,
5/14/2007,74.54323,
5/15/2007,76.5980148,
5/16/2007,80.8217545,
5/17/2007,87.10028,
5/18/2007,102.967827,
5/19/2007,106.27832,
5/20/2007,101.826279,
5/21/2007,123.287422,
5/22/2007,155.250824,
5/23/2007,128.995178,
5/24/2007,105.8217,
5/25/2007,89.84,
5/26/2007,99.5431747,
5/27/2007,82.64823,
5/28/2007,80.47929,
5/29/2007,79.4519,
5/30/2007,79.10943,
5/31/2007,76.8263245,
6/1/2007,81.1642151,
6/2/2007,86.75781,
6/3/2007,90.86739,
6/4/2007,99.0865555,
6/5/2007,117.579666,
6/6/2007,127.853622,
6/7/2007,130.136719,
6/8/2007,147.259979,
6/9/2007,203.195938,
6/10/2007,195.205078,
6/11/2007,192.921982,
6/12/2007,192.921982,
6/13/2007,223.743835,
6/14/2007,220.319183,
6/15/2007,293.3784,
6/16/2007,287.670654,
6/17/2007,380.1362,
6/18/2007,326.483368,
6/19/2007,312.78476,
6/20/2007,230.59314,
6/21/2007,181.506485,
6/22/2007,183.789581,
6/23/2007,236.300888,
6/24/2007,291.0953,
6/25/2007,239.72554,
6/26/2007,270.5474,
6/27/2007,323.058716,
6/28/2007,262.556549,
6/29/2007,295.6615,
6/30/2007,367.579163,
7/1/2007,359.588318,
7/2/2007,455.478516,
7/3/2007,480.592621,
7/4/2007,349.314362,
7/5/2007,389.268616,
7/6/2007,402.967224,
7/7/2007,431.505981,
7/8/2007,408.674957,
7/9/2007,401.825653,
7/10/2007,389.268616,
7/11/2007,390.410156,
7/12/2007,356.163666,
7/13/2007,361.8714,
7/14/2007,417.807373,
7/15/2007,358.446747,
7/16/2007,375.57,
7/17/2007,515.9807,
7/18/2007,455.478516,
7/19/2007,398.401031,
7/20/2007,458.903168,
7/21/2007,511.4145,
7/22/2007,513.6976,
7/23/2007,551.3687,
7/24/2007,497.715881,
7/25/2007,493.1497,
7/26/2007,557.0765,
7/27/2007,565.0673,
7/28/2007,541.0948,
7/29/2007,626.71106,
7/30/2007,610.7294,
7/31/2007,575.3413,
8/1/2007,523.971558,
8/2/2007,527.3962,
8/3/2007,497.715881,
8/4/2007,642.692749,
8/5/2007,492.008118,
8/6/2007,439.496826,
8/7/2007,440.638367,
8/8/2007,447.487671,
8/9/2007,429.22287,
8/10/2007,432.647522,
8/11/2007,432.647522,
8/12/2007,424.656677,
8/13/2007,601.5969,
8/14/2007,635.843445,
8/15/2007,554.7934,
8/16/2007,691.7794,
8/17/2007,734.0168,
8/18/2007,587.8984,
8/19/2007,712.327332,
8/20/2007,579.9075,
8/21/2007,439.496826,
8/22/2007,434.930634,
8/23/2007,409.816528,
8/24/2007,438.3553,
8/25/2007,408.674957,
8/26/2007,442.921478,
8/27/2007,476.026428,
8/28/2007,513.6976,
8/29/2007,619.861755,
8/30/2007,479.45108,
8/31/2007,687.2132,
9/1/2007,488.5835,
9/2/2007,485.158844,
9/3/2007,544.5195,
9/4/2007,497.715881,
9/5/2007,744.2907,
9/6/2007,591.323,
9/7/2007,478.30954,
9/8/2007,502.282074,
9/9/2007,444.063019,
9/10/2007,477.167969,
9/11/2007,398.401031,
9/12/2007,368.7207,
9/13/2007,344.748169,
9/14/2007,363.01297,
9/15/2007,336.7573,
9/16/2007,307.077,
9/17/2007,299.086151,
9/18/2007,286.529083,
9/19/2007,268.264282,
9/20/2007,323.058716,
9/21/2007,271.688934,
9/22/2007,246.574844,
9/23/2007,220.319183,
9/24/2007,230.59314,
9/25/2007,470.318665,
9/26/2007,593.6061,
9/27/2007,420.090485,
9/28/2007,434.930634,
9/29/2007,793.3774,
9/30/2007,478.30954,
10/1/2007,389.268616,
10/2/2007,345.8897,
10/3/2007,275.1136,
10/4/2007,252.2826,
10/5/2007,246.574844,
10/6/2007,245.433289,
10/7/2007,237.442444,
10/8/2007,230.59314,
10/9/2007,212.328339,
10/10/2007,203.195938,
10/11/2007,200.912827,
10/12/2007,199.771286,
10/13/2007,210.045242,
10/14/2007,203.195938,
10/15/2007,196.346634,
10/16/2007,187.214233,
10/17/2007,184.931137,
10/18/2007,181.506485,
10/19/2007,168.949432,
10/20/2007,162.100128,
10/21/2007,156.39238,
10/22/2007,152.967728,
10/23/2007,149.543076,
10/24/2007,143.835327,
10/25/2007,139.269119,
10/26/2007,134.702927,
10/27/2007,130.136719,
10/28/2007,130.136719,
10/29/2007,128.995178,
10/30/2007,125.570518,
10/31/2007,123.287422,
11/1/2007,119.86277,
11/2/2007,117.579666,
11/3/2007,114.155022,
11/4/2007,109.474663,
11/5/2007,105.8217,
11/6/2007,102.625359,
11/7/2007,100.91304,
11/8/2007,98.17332,
11/9/2007,95.09113,
11/10/2007,93.49296,
11/11/2007,91.66648,
11/12/2007,88.92676,
11/13/2007,85.95873,
11/14/2007,83.44732,
11/15/2007,81.62084,
11/16/2007,80.1368256,
11/17/2007,79.79436,
11/18/2007,78.65281,
11/19/2007,76.94048,
11/20/2007,76.8263245,
11/21/2007,75.114006,
11/22/2007,73.17337,
11/23/2007,71.4610443,
11/24/2007,69.17794,
11/25/2007,67.12315,
11/26/2007,65.86745,
11/27/2007,65.18252,
11/28/2007,65.52498,
11/29/2007,65.18252,
11/30/2007,63.92681,
12/1/2007,63.92681,
12/2/2007,62.6711044,
12/3/2007,61.4154,
12/4/2007,61.072937,
12/5/2007,61.072937,
12/6/2007,58.90399,
12/7/2007,56.39258,
12/8/2007,55.25103,
12/9/2007,53.88117,
12/10/2007,52.6254654,
12/11/2007,52.0546875,
12/12/2007,51.4839134,
12/13/2007,52.0546875,
12/14/2007,51.2556038,
12/15/2007,49.7715874,
12/16/2007,49.7715874,
12/17/2007,48.63004,
12/18/2007,46.4610939,
12/19/2007,45.6620064,
12/20/2007,44.634613,
12/21/2007,44.634613,
12/22/2007,43.8355255,
12/23/2007,43.26475,
12/24/2007,43.03644,
12/25/2007,42.4656677,
12/26/2007,40.98165,
12/27/2007,40.6391869,
12/28/2007,41.43827,
12/29/2007,40.98165,
12/30/2007,39.954258,
12/31/2007,39.15517,
1/1/2008,38.69855,
1/2/2008,38.0136223,
1/3/2008,38.0136223,
1/4/2008,37.4428444,
1/5/2008,37.2145348,
1/6/2008,36.7579155,
1/7/2008,36.5296059,
1/8/2008,39.0410156,
1/9/2008,36.7579155,
1/10/2008,36.3012962,
1/11/2008,35.5022125,
1/12/2008,35.5022125,
1/13/2008,35.04559,
1/14/2008,34.81728,
1/15/2008,34.36066,
1/16/2008,33.5615768,
1/17/2008,33.1049538,
1/18/2008,32.8766441,
1/19/2008,32.4200249,
1/20/2008,32.4200249,
1/21/2008,31.9634056,
1/22/2008,31.9634056,
1/23/2008,31.39263,
1/24/2008,31.39263,
1/25/2008,30.7077,
1/26/2008,30.47939,
1/27/2008,30.02277,
1/28/2008,30.02277,
1/29/2008,30.25108,
1/30/2008,30.02277,
1/31/2008,29.79446,
2/1/2008,29.56615,
2/2/2008,29.56615,
2/3/2008,29.56615,
2/4/2008,28.88122,
2/5/2008,28.88122,
2/6/2008,28.3104439,
2/7/2008,28.0821342,
2/8/2008,27.625515,
2/9/2008,27.3972054,
2/10/2008,26.9405842,
2/11/2008,26.9405842,
2/12/2008,26.9405842,
2/13/2008,26.4839649,
2/14/2008,26.1414986,
2/15/2008,25.5707245,
2/16/2008,24.7716389,
2/17/2008,25.1141033,
2/18/2008,27.625515,
2/19/2008,27.3972054,
2/20/2008,26.9405842,
2/21/2008,26.7122746,
2/22/2008,27.8538246,
2/23/2008,29.56615,
2/24/2008,28.0821342,
2/25/2008,27.3972054,
2/26/2008,26.7122746,
2/27/2008,25.7990341,
2/28/2008,26.7122746,
2/29/2008,28.65291,
3/1/2008,31.6209412,
3/2/2008,32.30587,
3/3/2008,32.07756,
3/4/2008,28.65291,
3/5/2008,27.625515,
3/6/2008,28.0821342,
3/7/2008,30.7077,
3/8/2008,32.76249,
3/9/2008,31.735096,
3/10/2008,33.447422,
3/11/2008,34.81728,
3/12/2008,33.1049538,
3/13/2008,33.2191124,
3/14/2008,30.93601,
3/15/2008,29.56615,
3/16/2008,29.10953,
3/17/2008,29.79446,
3/18/2008,30.25108,
3/19/2008,30.47939,
3/20/2008,28.65291,
3/21/2008,28.0821342,
3/22/2008,27.8538246,
3/23/2008,26.9405842,
3/24/2008,26.9405842,
3/25/2008,28.0821342,
3/26/2008,27.1688938,
3/27/2008,26.36981,
3/28/2008,26.1414986,
3/29/2008,26.4839649,
3/30/2008,27.1688938,
3/31/2008,27.625515,
4/1/2008,27.3972054,
4/2/2008,28.88122,
4/3/2008,31.16432,
4/4/2008,31.84925,
4/5/2008,31.6209412,
4/6/2008,37.4428444,
4/7/2008,35.95883,
4/8/2008,34.81728,
4/9/2008,33.5615768,
4/10/2008,33.1049538,
4/11/2008,33.5615768,
4/12/2008,36.9862251,
4/13/2008,39.38348,
4/14/2008,37.6711578,
4/15/2008,37.4428444,
4/16/2008,38.2419319,
4/17/2008,48.5158844,
4/18/2008,47.6026421,
4/19/2008,47.031868,
4/20/2008,48.1734161,
4/21/2008,48.9725037,
4/22/2008,54.4519424,
4/23/2008,59.2464561,
4/24/2008,62.10033,
4/25/2008,59.36061,
4/26/2008,74.54323,
4/27/2008,80.5934448,
4/28/2008,72.4884338,
4/29/2008,68.83548,
4/30/2008,66.7806854,
5/1/2008,65.18252,
5/2/2008,63.92681,
5/3/2008,62.10033,
5/4/2008,66.5523758,
5/5/2008,63.3560371,
5/6/2008,63.5843468,
5/7/2008,60.50216,
5/8/2008,64.95421,
5/9/2008,62.32864,
5/10/2008,63.01357,
5/11/2008,67.4656143,
5/12/2008,66.5523758,
5/13/2008,63.3560371,
5/14/2008,75.22816,
5/15/2008,88.01352,
5/16/2008,82.64823,
5/17/2008,85.3879547,
5/18/2008,97.37423,
5/19/2008,79.4519,
5/20/2008,72.8309,
5/21/2008,72.4884338,
5/22/2008,77.62541,
5/23/2008,77.0546341,
5/24/2008,83.44732,
5/25/2008,92.80803,
5/26/2008,122.145874,
5/27/2008,89.2692261,
5/28/2008,93.1505,
5/29/2008,97.03177,
5/30/2008,92.00894,
5/31/2008,82.9907,
6/1/2008,82.30577,
6/2/2008,81.1642151,
6/3/2008,92.80803,
6/4/2008,98.62994,
6/5/2008,105.022621,
6/6/2008,109.588821,
6/7/2008,134.702927,
6/8/2008,175.798737,
6/9/2008,251.141037,
6/10/2008,257.990356,
6/11/2008,328.766449,
6/12/2008,339.0404,
6/13/2008,303.652344,
6/14/2008,328.766449,
6/15/2008,426.939758,
6/16/2008,384.702423,
6/17/2008,457.761627,
6/18/2008,308.218536,
6/19/2008,607.3047,
6/20/2008,537.670166,
6/21/2008,420.090485,
6/22/2008,378.994659,
6/23/2008,412.0996,
6/24/2008,437.2137,
6/25/2008,452.053864,
6/26/2008,393.8348,
6/27/2008,413.24118,
6/28/2008,425.798218,
6/29/2008,479.45108,
6/30/2008,409.816528,
7/1/2008,445.204559,
7/2/2008,436.072174,
7/3/2008,424.656677,
7/4/2008,390.410156,
7/5/2008,437.2137,
7/6/2008,450.912323,
7/7/2008,438.3553,
7/8/2008,416.665833,
7/9/2008,325.3418,
7/10/2008,458.903168,
7/11/2008,463.4694,
7/12/2008,445.204559,
7/13/2008,558.218,
7/14/2008,488.5835,
7/15/2008,474.8849,
7/16/2008,544.5195,
7/17/2008,533.103943,
7/18/2008,597.030762,
7/19/2008,553.651855,
7/20/2008,499.999,
7/21/2008,539.953247,
7/22/2008,496.574341,
7/23/2008,477.167969,
7/24/2008,469.177124,
7/25/2008,544.5195,
7/26/2008,595.8892,
7/27/2008,594.7476,
7/28/2008,644.9758,
7/29/2008,515.9807,
7/30/2008,555.934937,
7/31/2008,630.1357,
8/1/2008,666.6653,
8/2/2008,626.71106,
8/3/2008,545.661,
8/4/2008,534.2455,
8/5/2008,493.1497,
8/6/2008,426.939758,
8/7/2008,537.670166,
8/8/2008,625.5695,
8/9/2008,505.706726,
8/10/2008,561.6427,
8/11/2008,546.802551,
8/12/2008,624.428,
8/13/2008,618.7202,
8/14/2008,867.5781,
8/15/2008,655.2498,
8/16/2008,675.7977,
8/17/2008,634.7019,
8/18/2008,558.218,
8/19/2008,652.966736,
8/20/2008,619.861755,
8/21/2008,649.542053,
8/22/2008,615.295532,
8/23/2008,550.2272,
8/24/2008,502.282074,
8/25/2008,449.770782,
8/26/2008,484.017273,
8/27/2008,432.647522,
8/28/2008,585.615234,
8/29/2008,614.154,
8/30/2008,731.733643,
8/31/2008,480.592621,
9/1/2008,408.674957,
9/2/2008,367.579163,
9/3/2008,348.172821,
9/4/2008,331.049561,
9/5/2008,302.5108,
9/6/2008,299.086151,
9/7/2008,267.122742,
9/8/2008,255.707245,
9/9/2008,253.424149,
9/10/2008,243.150192,
9/11/2008,279.6798,
9/12/2008,278.538239,
9/13/2008,319.634064,
9/14/2008,323.058716,
9/15/2008,343.6066,
9/16/2008,278.538239,
9/17/2008,283.104462,
9/18/2008,347.03125,
9/19/2008,310.501648,
9/20/2008,391.551727,
9/21/2008,308.218536,
9/22/2008,255.707245,
9/23/2008,234.017792,
9/24/2008,214.611435,
9/25/2008,244.291748,
9/26/2008,256.8488,
9/27/2008,205.479034,
9/28/2008,191.780426,
9/29/2008,200.912827,
9/30/2008,202.054382,
10/1/2008,200.912827,
10/2/2008,198.62973,
10/3/2008,187.214233,
10/4/2008,182.648026,
10/5/2008,191.780426,
10/6/2008,184.931137,
10/7/2008,179.223373,
10/8/2008,168.949432,
10/9/2008,164.383224,
10/10/2008,162.100128,
10/11/2008,156.39238,
10/12/2008,146.118423,
10/13/2008,135.844467,
10/14/2008,133.561371,
10/15/2008,122.145874,
10/16/2008,118.721222,
10/17/2008,116.438118,
10/18/2008,114.155022,
10/19/2008,109.931282,
10/20/2008,109.132195,
10/21/2008,104.223534,
10/22/2008,105.022621,
10/23/2008,103.424446,
10/24/2008,100.570572,
10/25/2008,97.37423,
10/26/2008,95.09113,
10/27/2008,92.80803,
10/28/2008,90.06831,
10/29/2008,87.78521,
10/30/2008,84.36056,
10/31/2008,82.19161,
11/1/2008,81.84915,
11/2/2008,79.79436,
11/3/2008,77.85372,
11/4/2008,76.0272446,
11/5/2008,74.88569,
11/6/2008,73.28752,
11/7/2008,71.8035049,
11/8/2008,73.28752,
11/9/2008,72.71674,
11/10/2008,74.31492,
11/11/2008,74.08661,
11/12/2008,72.71674,
11/13/2008,72.37428,
11/14/2008,72.71674,
11/15/2008,70.7761154,
11/16/2008,68.83548,
11/17/2008,66.20991,
11/18/2008,65.06836,
11/19/2008,64.61174,
11/20/2008,63.8126564,
11/21/2008,60.50216,
11/22/2008,58.21906,
11/23/2008,57.1916656,
11/24/2008,56.2784233,
11/25/2008,56.963356,
11/26/2008,56.2784233,
11/27/2008,55.70765,
11/28/2008,55.25103,
11/29/2008,53.9953232,
11/30/2008,54.5660973,
12/1/2008,53.0820847,
12/2/2008,52.3971519,
12/3/2008,50.11405,
12/4/2008,50.11405,
12/5/2008,51.2556038,
12/6/2008,52.3971519,
12/7/2008,51.4839134,
12/8/2008,52.3971519,
12/9/2008,51.2556038,
12/10/2008,51.0272942,
12/11/2008,50.5706749,
12/12/2008,48.744194,
12/13/2008,46.6894035,
12/14/2008,45.6620064,
12/15/2008,44.9770775,
12/16/2008,44.9770775,
12/17/2008,44.52046,
12/18/2008,44.29215,
12/19/2008,43.8355255,
12/20/2008,43.49306,
12/21/2008,43.03644,
12/22/2008,42.8081322,
12/23/2008,42.1232033,
12/24/2008,41.8948936,
12/25/2008,40.6391869,
12/26/2008,41.0958061,
12/27/2008,40.6391869,
12/28/2008,39.8401031,
12/29/2008,39.8401031,
12/30/2008,39.38348,
12/31/2008,38.812706,
