Date,Value
1,
1,0.000407044
2,0.000325635
3,0.000260508
4,0.000208407
5,0.000166725
6,0.00013338
7,0.000106704
8,0.000174332
9,0.000174021
10,0.340175
11,0.643885
12,0.933767
13,2.89868
14,3.10311
15,3.176
16,2.93024
17,2.73649
18,2.58102
19,2.43907
20,2.32786
21,2.55338
22,2.76052
23,3.31589
24,3.45025
25,3.77214
26,3.55067
27,3.69973
28,3.84055
29,3.96559
30,3.75163
31,3.89661
32,4.02917
33,4.43535
34,4.52396
35,4.6149
36,4.70466
37,6.27381
38,5.96776
39,5.63691
40,5.6674
41,5.39048
42,5.15786
43,7.06989
44,6.95272
45,6.85934
46,6.80592
47,6.77901
48,6.76938
49,8.03416
50,7.95162
51,7.66432
52,7.3126
53,7.01818
54,6.70518
55,6.73927
56,6.7962
57,6.85669
58,7.15774
59,7.24761
60,7.35415
61,8.23332
62,10.5159
63,10.7952
64,10.3555
65,10.0053
66,9.89214
67,9.81849
68,9.72083
69,9.59202
70,9.07812
71,9.39205
72,11.0884
73,11.134
74,11.4889
75,11.2828
76,11.1771
77,11.2587
78,15.0861
79,16.206
80,15.4916
81,14.9568
82,14.4452
83,13.644
84,16.8678
85,16.3509
86,15.5956
87,15.6377
88,14.8985
89,14.6085
90,13.8707
91,13.6164
92,13.0756
93,12.7095
94,12.4511
95,12.3613
96,13.5536
97,12.7833
98,12.6058
99,12.4603
100,12.3641
101,12.7859
102,12.3223
103,11.7077
104,11.4008
105,11.4759
106,12.7473
107,12.5618
108,13.007
109,12.8637
110,12.6909
111,12.5202
112,12.42
113,15.6325
114,14.9204
115,14.8917
116,14.8015
117,14.6226
118,14.3789
119,15.7439
120,15.9945
121,15.69
122,15.872
123,16.7018
124,17.0658
125,18.3451
126,20.3702
127,28.028
128,32.6278
129,33.7778
130,35.0165
131,35.4031
132,35.3464
133,38.6221
134,37.0745
135,35.4532
136,30.8776
137,44.9543
138,40.5414
139,43.5207
140,53.3176
141,54.2343
142,57.0959
143,54.6232
144,58.1697
145,74.7149
146,70.8719
147,82.5646
148,108.387
149,94.9088
150,90.5771
151,89.8437
152,80.0325
153,86.2388
154,86.9096
155,92.98
156,98.4702
157,106.869
158,141.709
159,185.637
160,228.519
161,259.348
162,234.829
163,201.962
164,191.133
165,180.682
166,160.818
167,229.51
168,211.239
169,222.259
170,242.518
171,224.252
172,207.11
173,203.514
174,259.706
175,256.715
176,279.068
177,244.567
178,222.868
179,208.789
180,241.355
181,303.17
182,276.773
183,310.225
184,367.154
185,350.212
186,328.768
187,301.844
188,311.942
189,324.01
190,297.357
191,267.709
192,255.801
193,267.308
194,250.245
195,236.315
196,308.849
197,314.423
198,315.682
199,284.039
200,313.434
201,306.659
202,397.099
203,342.606
204,330.612
205,279.11
206,256.906
207,260.853
208,290.931
209,277.506
210,280.346
211,322.68
212,291.298
213,317.922
214,399.516
215,474.798
216,426.692
217,360.195
218,307.094
219,266.979
220,250.345
221,291.985
222,272.35
223,391.261
224,362.419
225,318.098
226,279.763
227,303.886
228,274.507
229,239.743
230,216.154
231,234.593
232,302.71
233,276.182
234,283.288
235,306.623
236,293.431
237,253.06
238,230.713
239,201.645
240,180.403
241,242.265
242,275.417
243,282.809
244,305.392
245,283.187
246,290.236
247,261.637
248,284.597
249,287.274
250,277.954
251,321.255
252,337.875
253,347.24
254,371.983
255,329.718
256,330.386
257,287.482
258,256.54
259,245.247
260,220.357
261,207.32
262,201.128
263,193.897
264,226.031
265,237.623
266,217.357
267,196.263
268,175.869
269,237.401
270,201.888
271,173.527
272,150.412
273,131.629
274,117.646
275,103.476
276,95.5763
277,85.301
278,72.9169
279,67.1698
280,63.077
281,59.8849
282,56.6081
283,54.3729
284,48.0539
285,49.1743
286,46.9552
287,41.8552
288,41.4706
289,37.768
290,34.6159
291,32.1023
292,30.1698
293,28.355
294,26.5738
295,25.1495
296,24.0192
297,34.5701
298,34.9825
299,35.5929
300,32.4012
301,29.7882
302,27.6574
303,25.793
304,24.2898
305,23.0392
306,24.5448
307,25.3891
308,23.7342
309,22.3632
310,21.2221
311,20.2752
312,19.4694
313,18.8266
314,18.2457
315,17.7268
316,17.297
317,16.9085
318,16.5617
319,18.1077
320,17.5096
321,17.0211
322,16.6288
323,18.2557
324,17.6054
325,17.0565
326,16.581
327,16.179
328,17.5986
329,16.9626
330,16.4343
331,15.9929
332,15.6241
333,17.7255
334,18.7814
335,19.6773
336,18.9911
337,18.4113
338,17.6223
339,16.9852
340,16.8523
341,16.7172
342,16.2842
343,15.9206
344,15.6119
345,15.6833
346,15.7608
347,15.5028
348,15.7571
349,15.852
350,16.8698
351,16.9548
352,18.4234
353,18.2673
354,18.1649
355,17.7634
356,17.4174
357,17.1169
358,17.1912
359,17.2527
360,17.5701
361,17.3138
362,17.3543
363,17.0612
364,17.2775
365,17.3423
366,17.3778
367,17.3962
368,17.7283
369,17.7454
370,17.7503
371,17.9253
372,17.5625
373,17.7081
374,17.7625
375,17.4544
376,17.494
377,17.5184
378,17.7389
379,18.7633
380,19.4353
381,18.9213
382,18.4645
383,18.0736
384,18.0508
385,18.029
386,18.0144
387,17.7097
388,17.3861
389,17.5839
390,18.1979
391,18.1226
392,17.7655
393,17.4578
394,17.1601
395,16.8711
396,16.6034
397,16.3962
398,16.1773
399,16.0993
400,16.0222
401,15.9147
402,15.8207
403,15.6709
404,15.5205
405,15.3555
406,15.3185
407,15.2013
408,15.0768
409,14.9817
410,14.8246
411,14.9567
412,15.1323
413,15.0655
414,15.1008
415,15.0504
416,15.2601
417,15.4094
418,19.419
419,20.5066
420,19.856
421,20.0635
422,20.5658
423,26.9275
424,26.3821
425,25.6353
426,25.2667
427,24.8329
428,24.4957
429,24.2379
430,23.9982
431,24.0682
432,23.8255
433,23.31
434,22.7128
435,22.2033
436,21.5936
437,21.2539
438,20.945
439,20.931
440,22.1117
441,23.1512
442,23.3074
443,23.2432
444,23.0131
445,22.2948
446,23.9537
447,23.7294
448,23.4963
449,23.405
450,23.0925
451,22.972
452,22.6888
453,22.4276
454,22.284
455,22.0423
456,21.8116
457,24.7112
458,25.5344
459,25.2818
460,24.6408
461,25.8398
462,25.4949
463,25.6511
464,25.8093
465,26.576
466,27.4965
467,27.4804
468,27.1841
469,28.7991
470,28.8916
471,31.1299
472,30.4104
473,29.5715
474,29.3923
475,30.9319
476,30.3962
477,30.5397
478,30.2645
479,30.1773
480,28.9151
481,29.9347
482,35.0128
483,41.5904
484,44.6285
485,44.094
486,46.487
487,66.4181
488,74.1684
489,74.1884
490,74.5583
491,72.9063
492,95.2906
493,97.1307
494,103.364
495,106.209
496,99.8261
497,112.66
498,104.818
499,100.028
500,100.898
501,102.716
502,98.8346
503,89.2444
504,83.2678
505,81.3648
506,77.7242
507,74.1022
508,76.9414
509,82.8068
510,91.8576
511,88.8919
512,91.1007
513,116.6
514,104.922
515,102.875
516,96.5272
517,89.228
518,95.144
519,97.5292
520,120.422
521,163.605
522,192.096
523,193.379
524,199.124
525,194.274
526,211.635
527,206.6
528,192.589
529,201.782
530,198.54
531,190.928
532,194.771
533,191.267
534,181.636
535,172.728
536,161.043
537,221.634
538,218.816
539,204.342
540,188.072
541,173.456
542,201.383
543,184.816
544,194.183
545,186.928
546,227.752
547,231.784
548,264.326
549,284.293
550,298.322
551,333.932
552,317.823
553,289.88
554,313.581
555,305.562
556,310.21
557,336.538
558,398.132
559,405.802
560,359.09
561,376.799
562,428.599
563,496.928
564,462.117
565,414.908
566,440.371
567,451.592
568,380.669
569,333.839
570,292.055
571,251.918
572,234.52
573,270.38
574,263.972
575,284.33
576,374.79
577,398.163
578,382.508
579,359.165
580,330.644
581,411.706
582,362.158
583,325.159
584,288.453
585,261.654
586,306.669
587,299.329
588,294.244
589,267.758
590,263.402
591,288.15
592,256.684
593,233.174
594,271.529
595,236.866
596,245.153
597,427.539
598,469.159
599,467.445
600,569.196
601,615.591
602,572.69
603,496.177
604,425.116
605,401.07
606,412.841
607,348.817
608,311.578
609,314.433
610,342.121
611,324.738
612,332.446
613,282.478
614,368.897
615,344.674
616,367.461
617,361.479
618,315.01
619,265.938
620,229.172
621,247.209
622,277.959
623,240.493
624,205.122
625,192.739
626,172.496
627,267.761
628,222.585
629,186.29
630,157.107
631,144.819
632,136.088
633,126.412
634,121.319
635,113.484
636,99.4077
637,86.2074
638,77.8708
639,70.3103
640,66.0473
641,64.8455
642,63.3053
643,79.914
644,78.8233
645,70.1603
646,68.4399
647,61.1183
648,60.2226
649,59.4763
650,57.5525
651,52.2041
652,47.8848
653,44.0754
654,41.1377
655,39.1646
656,37.0252
657,35.2872
658,55.3265
659,53.9545
660,48.7168
661,44.4143
662,41.0391
663,38.1984
664,35.7769
665,33.7477
666,32.1462
667,30.9066
668,29.7041
669,28.7255
670,27.7941
671,26.8794
672,26.064
673,27.6364
674,26.5651
675,25.6837
676,25.0892
677,29.469
678,28.0249
679,26.7541
680,25.6917
681,28.147
682,27.8056
683,26.5076
684,25.4356
685,24.5456
686,23.8041
687,23.1802
688,22.6475
689,22.2407
690,21.867
691,21.5216
692,21.2687
693,21.0004
694,20.7499
695,20.5299
696,20.329
697,20.1583
698,19.9868
699,19.8282
700,19.6826
701,19.5418
702,19.4048
703,19.2722
704,19.148
705,19.0304
706,18.9187
707,18.8127
708,18.7114
709,19.1526
710,19.0101
711,18.8811
712,18.7626
713,18.6524
714,18.5487
715,18.4502
716,18.358
717,18.2669
718,18.1786
719,18.0928
720,18.009
721,17.9269
722,17.8465
723,17.7674
724,17.729
725,17.6489
726,17.5706
727,17.494
728,17.4189
729,17.3451
730,17.2726
731,17.2012
732,17.1308
733,17.0614
734,16.9929
735,16.9253
736,16.8586
737,16.7927
738,16.7276
739,16.6632
740,16.5996
741,16.5366
742,16.4744
743,16.4128
744,16.3518
745,16.6204
746,16.8721
747,21.8945
748,21.7136
749,23.4227
750,23.7938
751,23.5287
752,23.2135
753,22.6717
754,22.5109
755,22.374
756,22.257
757,22.206
758,22.1299
759,23.0866
760,23.3143
761,23.1865
762,22.9748
763,22.6395
764,22.3059
765,22.1553
766,21.957
767,22.0935
768,21.9958
769,21.7613
770,21.7392
771,22.0175
772,22.1621
773,21.7262
774,26.4893
775,25.8294
776,25.3994
777,25.0504
778,24.8251
779,24.2953
780,23.8062
781,23.5857
782,23.4457
783,23.3841
784,23.3668
785,23.2909
786,23.5547
787,25.125
788,25.3316
789,24.8744
790,24.4182
791,24.26
792,23.6915
793,23.9388
794,24.4484
795,24.8126
796,25.6834
797,25.6547
798,26.0507
799,26.4448
800,26.3704
801,27.2058
802,31.6218
803,30.6274
804,32.3228
805,32.7947
806,32.8271
807,31.8578
808,31.1066
809,33.347
810,37.2145
811,40.2963
812,38.5287
813,37.3782
814,40.4319
815,38.8757
816,45.2383
817,44.734
818,42.8231
819,41.7057
820,41.3661
821,40.3975
822,41.1481
823,41.8683
824,43.127
825,41.3328
826,44.4366
827,43.4235
828,44.9642
829,46.3735
830,55.6788
831,54.0521
832,50.4974
833,47.804
834,45.6409
835,44.5232
836,44.2087
837,44.7392
838,46.1978
839,52.5987
840,55.8561
841,60.1875
842,61.1891
843,62.0801
844,60.2128
845,60.5879
846,60.4515
847,60.4982
848,66.3571
849,64.458
850,64.3639
851,61.2378
852,62.6761
853,62.8199
854,63.6606
855,68.6134
856,69.2128
857,75.399
858,92.0748
859,96.7267
860,97.6213
861,97.9104
862,132.565
863,123.844
864,127.938
865,129.528
866,129.814
867,120.064
868,133.611
869,131.877
870,157.948
871,160.57
872,143.148
873,128.817
874,116.489
875,114.158
876,113.876
877,122.528
878,111.155
879,110.247
880,103.72
881,98.326
882,97.5115
883,102.84
884,100.343
885,97.2373
886,93.7048
887,94.0984
888,91.0865
889,101.109
890,98.9347
891,118.688
892,132.484
893,160.153
894,157.796
895,150.75
896,149.285
897,142.103
898,147.036
899,142.378
900,140.311
901,143.667
902,153.921
903,164.869
904,159.152
905,162.094
906,186.623
907,191.988
908,200.517
909,203.662
910,217.053
911,203.62
912,208.563
913,208.378
914,260.464
915,287.546
916,265.294
917,270.305
918,264.061
919,291.508
920,302.776
921,329.914
922,348.692
923,313.767
924,288.805
925,280.516
926,301.806
927,297.214
928,286.136
929,292.264
930,285.649
931,368.193
932,359.492
933,332.463
934,311.912
935,339.545
936,355.693
937,361.47
938,313.784
939,292.103
940,354.18
941,335.563
942,322.485
943,333.047
944,360.881
945,414.938
946,474.941
947,436.03
948,412.188
949,379.862
950,344.465
951,329.732
952,296.406
953,328.774
954,309.233
955,325.403
956,333.937
957,341.183
958,339.419
959,313.606
960,315.928
961,344.271
962,329.991
963,336.454
964,360.242
965,392.409
966,382.445
967,376.284
968,348.148
969,319.378
970,304.078
971,297.15
972,278.362
973,246.069
974,252.443
975,216.618
976,190.161
977,199.636
978,231.525
979,225.807
980,222.487
981,221.94
982,194.907
983,176.833
984,187.647
985,174.321
986,198.463
987,183.202
988,165.774
989,149.272
990,134.635
991,131.448
992,130.418
993,141.773
994,153.634
995,146.921
996,168.889
997,209.464
998,213.559
999,214.504
1000,244.168
1001,234.751
1002,207.955
1003,206.875
1004,194.637
1005,166.282
1006,139.837
1007,118.149
1008,101.564
1009,93.9457
1010,84.798
1011,82.7152
1012,109.955
1013,102.751
1014,93.6145
1015,86.5629
1016,80.8761
1017,70.956
1018,63.5407
1019,57.4007
1020,52.1392
1021,50.8054
1022,46.2832
1023,42.7767
1024,39.8272
1025,37.4198
1026,35.5162
1027,44.7887
1028,41.2676
1029,38.2248
1030,39.0714
1031,39.5575
1032,39.3739
1033,39.3967
1034,36.6875
1035,34.4101
1036,32.806
1037,31.2423
1038,29.9416
1039,28.7749
1040,27.822
1041,27.0477
1042,26.4202
1043,25.8005
1044,25.2696
1045,24.8094
1046,24.3869
1047,26.1395
1048,49.2684
1049,45.3651
1050,41.9054
1051,38.823
1052,35.7305
1053,33.2161
1054,31.1597
1055,31.2092
1056,29.5335
1057,28.1268
1058,26.9876
1059,26.0634
1060,25.2574
1061,24.5728
1062,23.992
1063,23.5002
1064,23.0746
1065,22.6931
1066,23.1059
1067,22.7362
1068,22.4116
1069,22.1297
1070,21.8688
1071,21.6334
1072,21.4308
1073,21.2985
1074,21.1041
1075,20.9215
1076,20.75
1077,20.5883
1078,20.4354
1079,20.29
1080,20.1513
1081,20.0184
1082,19.8908
1083,19.7679
1084,19.6492
1085,19.5345
1086,19.4234
1087,19.3157
1088,19.2112
1089,19.1096
1090,19.0108
1091,18.9146
1092,18.8209
1093,18.7295
1094,18.6403
1095,18.5532
1096,18.8696
1097,20.6465
1098,20.403
1099,20.1296
1100,19.8953
1101,19.7745
1102,19.6095
1103,19.4633
1104,19.2918
1105,19.1358
1106,18.9918
1107,18.8572
1108,18.7348
1109,18.6132
1110,18.4963
1111,18.6881
1112,18.5632
1113,18.5165
1114,18.4516
1115,18.3558
1116,18.2391
1117,18.1198
1118,18.0059
1119,17.8965
1120,17.7908
1121,17.6883
1122,17.5886
1123,17.4914
1124,17.3965
1125,17.6482
1126,19.2186
1127,19.4097
1128,22.3784
1129,22.0498
1130,21.7344
1131,21.3501
1132,21.3563
1133,21.3153
1134,21.4689
1135,21.476
1136,21.5158
1137,21.5019
1138,21.1629
1139,20.8441
1140,20.8915
1141,21.0555
1142,21.0638
1143,20.9688
1144,20.8227
1145,20.5216
1146,24.4853
1147,28.1211
1148,27.6887
1149,27.1638
1150,26.8068
1151,26.6335
1152,26.2863
1153,26.0183
1154,29.9953
1155,29.3843
1156,30.5254
1157,34.0179
1158,34.5592
1159,35.7122
1160,34.5471
1161,33.0704
1162,31.8108
1163,31.2767
1164,30.8586
1165,31.848
1166,31.4431
1167,31.0202
1168,30.862
1169,30.4171
1170,33.9179
1171,34.2711
1172,34.4296
1173,33.4943
1174,33.0476
1175,32.406
1176,31.7285
1177,32.7723
1178,34.1239
1179,33.7213
1180,36.5077
1181,39.3762
1182,38.6152
1183,38.393
1184,38.0533
1185,38.4504
1186,41.6968
1187,42.7044
1188,43.3608
1189,45.9884
1190,46.5399
1191,46.1345
1192,51.1865
1193,56.4407
1194,59.4172
1195,64.6476
1196,72.0673
1197,78.2156
1198,82.0428
1199,84.4975
1200,81.8215
1201,78.5064
1202,76.1751
1203,73.1337
1204,73.67
1205,72.0103
1206,69.529
1207,66.5935
1208,63.1637
1209,61.6526
1210,58.6517
1211,57.2288
1212,57.2855
1213,57.53
1214,58.151
1215,55.7153
1216,54.3954
1217,57.1218
1218,61.3954
1219,61.1027
1220,62.0936
1221,75.1936
1222,71.5513
1223,68.3427
1224,65.9335
1225,61.2311
1226,60.2315
1227,58.6007
1228,57.8952
1229,60.3868
1230,60.5993
1231,58.7397
1232,59.9908
1233,60.7393
1234,58.6691
1235,60.6271
1236,59.0475
1237,58.3564
1238,62.2137
1239,59.497
1240,62.7933
1241,97.0237
1242,88.576
1243,81.9806
1244,77.2885
1245,75.783
1246,104.918
1247,134.902
1248,154.636
1249,156.115
1250,175.515
1251,167.273
1252,182.172
1253,161.401
1254,153.552
1255,149.365
1256,157.679
1257,185.688
1258,248.485
1259,268.358
1260,265.437
1261,231.618
1262,214.858
1263,201.166
1264,215.787
1265,211.658
1266,216.873
1267,228.23
1268,242.019
1269,271.598
1270,257.886
1271,240.088
1272,228.54
1273,253.728
1274,257.961
1275,250.085
1276,260.064
1277,285.417
1278,355.061
1279,378.812
1280,435.327
1281,429.048
1282,426.864
1283,442.522
1284,450.679
1285,468.438
1286,519.137
1287,542.623
1288,522.062
1289,490.566
1290,457.209
1291,413.092
1292,389.318
1293,384.863
1294,413.051
1295,426.302
1296,427.574
1297,478.559
1298,466.192
1299,465.013
1300,465.9
1301,496.231
1302,517.143
1303,567.979
1304,529.847
1305,526.992
1306,507.301
1307,482.489
1308,574.583
1309,543.82
1310,512.849
1311,465.781
1312,414.623
1313,392.791
1314,363.007
1315,351.451
1316,401.59
1317,368.885
1318,349.601
1319,344.519
1320,364.845
1321,413.508
1322,443.475
1323,432.29
1324,488.326
1325,464.668
1326,499.106
1327,482.188
1328,433.07
1329,437.071
1330,477.054
1331,492.665
1332,473.539
1333,447.986
1334,433.289
1335,414.315
1336,454.434
1337,448.041
1338,426.277
1339,395.944
1340,357.547
1341,342.253
1342,342.128
1343,359.543
1344,350.999
1345,381.631
1346,345.552
1347,294.882
1348,293.309
1349,288.367
1350,262.892
1351,249.997
1352,259.21
1353,241.219
1354,216.186
1355,253.193
1356,236.221
1357,235.783
1358,244.38
1359,255.191
1360,255.771
1361,230.944
1362,258.989
1363,271.519
1364,287.77
1365,274.865
1366,240.721
1367,208.321
1368,182.992
1369,199.261
1370,180.477
1371,162.127
1372,158.129
1373,136.398
1374,116.689
1375,105.561
1376,97.1995
1377,91.4498
1378,90.2522
1379,83.6761
1380,79.9261
1381,76.2878
1382,72.1965
1383,71.3513
1384,68.3339
1385,61.5968
1386,56.001
1387,51.4773
1388,47.8109
1389,44.7871
1390,41.8176
1391,39.3563
1392,37.1186
1393,35.3302
1394,33.9542
1395,35.9584
1396,38.0644
1397,36.7566
1398,35.5756
1399,37.9267
1400,40.7999
1401,42.342
1402,39.3671
1403,39.5553
1404,36.9834
1405,37.9282
1406,35.7628
1407,33.784
1408,32.2314
1409,30.9534
1410,29.8708
1411,32.1297
1412,33.3655
1413,31.6714
1414,32.2008
1415,31.2566
1416,29.9774
1417,28.874
1418,29.8282
1419,28.6786
1420,27.728
1421,26.929
1422,26.4672
1423,25.921
1424,25.4112
1425,24.9635
1426,24.5971
1427,24.2689
1428,23.9678
1429,23.696
1430,23.4499
1431,23.2267
1432,23.0234
1433,22.8372
1434,22.6663
1435,22.506
1436,22.356
1437,22.2145
1438,22.0811
1439,21.9537
1440,21.8363
1441,21.7193
1442,21.6058
1443,21.4961
1444,21.39
1445,21.2872
1446,21.1874
1447,21.0902
1448,20.9956
1449,21.2348
1450,21.4434
1451,21.6617
1452,21.5107
1453,21.3944
1454,21.2583
1455,21.5411
1456,21.3995
1457,21.2563
1458,22.5335
1459,22.9034
1460,22.6467
1461,22.3674
1462,22.1688
1463,22.2195
1464,22.1954
1465,21.9893
1466,21.8647
1467,22.578
1468,22.3605
1469,22.1468
1470,21.9313
1471,21.7332
1472,21.5485
1473,21.3743
1474,21.2082
1475,21.0731
1476,20.9188
1477,20.7684
1478,20.6214
1479,20.4785
1480,20.6639
1481,20.5726
1482,20.4093
1483,21.1449
1484,21.2152
1485,23.0919
1486,24.9169
1487,24.5751
1488,24.2709
1489,23.8694
1490,23.7871
1491,23.7095
1492,23.4123
1493,23.3325
1494,23.1098
1495,22.7807
1496,22.4806
1497,22.204
1498,21.9632
1499,21.8342
1500,21.6726
1501,21.773
1502,22.1961
1503,22.1183
1504,22.2615
1505,22.6419
1506,22.5594
1507,22.6096
1508,23.083
1509,22.9296
1510,23.2405
1511,23.3326
1512,23.2757
1513,23.3026
1514,23.2257
1515,23.2128
1516,22.9258
1517,22.5868
1518,22.385
1519,23.0412
1520,24.7887
1521,26.2708
1522,26.3096
1523,26.8445
1524,27.622
1525,28.6458
1526,29.1097
1527,27.8664
1528,27.3806
1529,27.0937
1530,26.1942
1531,25.5187
1532,24.8413
1533,24.9457
1534,24.3511
1535,23.7985
1536,23.6631
1537,23.6039
1538,23.2207
1539,23.3671
1540,22.9143
1541,22.5041
1542,22.1288
1543,21.9036
1544,21.5387
1545,21.1918
1546,20.9233
1547,21.1467
1548,20.7787
1549,20.4334
1550,20.4917
1551,20.4222
1552,20.1197
1553,20.4276
1554,20.0847
1555,21.6636
1556,22.5351
1557,21.8934
1558,21.8862
1559,22.0349
1560,22.0225
1561,22.083
1562,21.5073
1563,22.8258
1564,22.5915
1565,22.4094
1566,21.9135
1567,23.8814
1568,23.5208
1569,23.2478
1570,23.6518
1571,23.3862
1572,22.904
1573,22.8128
1574,22.3653
1575,28.3226
1576,28.1235
1577,28.4994
1578,27.7668
1579,27.2078
1580,29.3712
1581,33.7456
1582,39.2551
1583,43.0799
1584,44.5122
1585,45.6148
1586,43.827
1587,42.0087
1588,39.9596
1589,42.2246
1590,41.2109
1591,40.6233
1592,41.5051
1593,41.4111
1594,39.5579
1595,38.5584
1596,37.8016
1597,40.4709
1598,39.9247
1599,48.6976
1600,47.8788
1601,44.8408
1602,59.3519
1603,66.5734
1604,62.323
1605,56.8333
1606,57.3422
1607,54.5409
1608,52.6955
1609,52.2676
1610,49.2707
1611,47.2419
1612,43.5849
1613,41.7171
1614,61.46
1615,71.6881
1616,71.1862
1617,72.6206
1618,87.7588
1619,82.8214
1620,88.3878
1621,82.42
1622,82.4245
1623,75.7689
1624,83.645
1625,80.2381
1626,76.1775
1627,73.7546
1628,74.7057
1629,92.0268
1630,101.12
1631,139.205
1632,134.656
1633,135.128
1634,122.599
1635,117.955
1636,119.598
1637,108.44
1638,95.871
1639,88.2048
1640,83.7022
1641,89.8999
1642,96.067
1643,100.029
1644,139.448
1645,128.423
1646,226.481
1647,204.548
1648,272.977
1649,297.271
1650,365.701
1651,392.07
1652,422.866
1653,463.756
1654,535.895
1655,546.638
1656,491.252
1657,486.685
1658,515.979
1659,567.304
1660,525.32
1661,478.416
1662,504.767
1663,518.025
1664,442.048
1665,384.267
1666,333.076
1667,291.246
1668,270.947
1669,309.462
1670,305.253
1671,321.113
1672,408.403
1673,423.678
1674,401.541
1675,373.038
1676,340.542
1677,418.948
1678,367.584
1679,330.42
1680,293.292
1681,266.983
1682,314.147
1683,308.31
1684,305.822
1685,276.518
1686,269.596
1687,292.277
1688,261.104
1689,240.009
1690,277.732
1691,244.43
1692,250.158
1693,430.534
1694,473.884
1695,470.231
1696,570.422
1697,615.588
1698,571.711
1699,494.412
1700,422.713
1701,398.352
1702,409.944
1703,345.855
1704,310.397
1705,314.979
1706,341.61
1707,323.386
1708,330.442
1709,279.916
1710,365.954
1711,341.428
1712,364.642
1713,358.82
1714,311.978
1715,262.601
1716,225.906
1717,243.699
1718,274.268
1719,236.643
1720,201.126
1721,188.647
1722,168.32
1723,263.571
1724,218.324
1725,181.976
1726,152.753
1727,140.473
1728,131.755
1729,122.097
1730,117.031
1731,109.214
1732,95.1087
1733,81.885
1734,73.5369
1735,65.973
1736,61.7057
1737,60.5096
1738,58.9731
1739,53.31
1740,53.3066
1741,48.9151
1742,47.619
1743,44.3403
1744,39.5046
1745,35.6023
1746,34.5576
1747,33.4076
1748,49.1849
1749,50.8224
1750,54.7445
1751,49.4805
1752,43.7769
1753,40.6314
1754,38.2968
1755,36.2346
1756,34.751
1757,33.4796
1758,30.8714
1759,28.7198
1760,26.9493
1761,25.4895
1762,25.6442
1763,24.3796
1764,24.7098
1765,25.2826
1766,25.3448
1767,25.5354
1768,25.4943
1769,25.7645
1770,25.8648
1771,26.205
1772,26.0393
1773,25.9384
1774,25.9751
1775,25.7574
1776,25.6278
1777,25.5019
1778,24.1716
1779,22.9843
1780,21.949
1781,21.0792
1782,20.3542
1783,19.7433
1784,20.5157
1785,19.8328
1786,19.2589
1787,18.7729
1788,18.3579
1789,19.3602
1790,19.9332
1791,19.3049
1792,18.889
1793,18.7035
1794,18.2097
1795,17.7845
1796,17.423
1797,17.1129
1798,16.8445
1799,16.6099
1800,16.4028
1801,16.2184
1802,16.0526
1803,15.9021
1804,15.7643
1805,15.6373
1806,15.5193
1807,15.4089
1808,15.305
1809,15.2069
1810,15.1135
1811,15.0245
1812,14.9393
1813,14.8574
1814,14.7785
1815,14.7023
1816,14.6285
1817,14.557
1818,14.4875
1819,14.4199
1820,14.3539
1821,14.2896
1822,14.2268
1823,14.1653
1824,14.1051
1825,14.046
1826,13.9881
1827,13.9312
1828,14.1246
1829,14.2907
1830,14.456
1831,14.6262
1832,14.7825
1833,14.9315
1834,15.0713
1835,15.1915
1836,15.3181
1837,15.4176
1838,15.5285
1839,15.6271
1840,15.7034
1841,15.7839
1842,15.8305
1843,16.2049
1844,16.7748
1845,20.0986
1846,20.2725
1847,20.3961
1848,20.1181
1849,20.4524
1850,21.2074
1851,21.5655
1852,21.6526
1853,21.2493
1854,21.0046
1855,21.0134
1856,21.1702
1857,20.9343
1858,20.705
1859,20.6367
1860,20.659
1861,20.5133
1862,20.2238
1863,19.9256
1864,19.8293
1865,19.7092
1866,19.5931
1867,19.4806
1868,19.3881
1869,19.3205
1870,19.3621
1871,19.342
1872,19.3669
1873,19.2496
1874,19.1627
1875,19.0856
1876,19.0033
1877,19.2143
1878,19.0413
1879,19.0031
1880,18.6035
1881,18.6511
1882,18.5917
1883,18.5679
1884,18.8642
1885,18.8008
1886,18.8159
1887,19.5441
1888,20.3928
1889,20.8558
1890,20.9856
1891,20.7964
1892,21.3271
1893,21.4719
1894,21.6954
1895,21.6428
1896,21.1814
1897,20.8942
1898,20.7867
1899,20.6344
1900,20.8801
1901,20.9811
1902,21.0189
1903,20.8495
1904,20.8877
1905,20.7034
1906,22.1319
1907,22.2896
1908,22.7599
1909,22.3487
1910,21.9093
1911,22.2788
1912,21.8873
1913,21.5517
1914,21.3109
1915,22.8153
1916,22.3284
1917,21.9477
1918,21.5866
1919,21.3772
1920,21.2439
1921,20.9641
1922,20.7903
1923,20.8672
1924,21.5177
1925,24.7905
1926,25.2288
1927,24.617
1928,24.4083
1929,24.6316
1930,24.3789
1931,23.9218
1932,23.7165
1933,24.719
1934,25.5615
1935,25.9024
1936,26.3955
1937,26.4731
1938,26.0407
1939,25.0658
1940,24.1792
1941,25.8053
1942,28.5266
1943,27.5278
1944,29.7514
1945,28.5929
1946,27.6099
1947,27.6553
1948,33.4288
1949,32.2486
1950,30.2116
1951,30.4526
1952,29.7407
1953,33.4406
1954,47.6626
1955,43.6818
1956,43.4713
1957,61.1972
1958,55.9958
1959,53.0292
1960,49.3734
1961,45.9579
1962,42.4955
1963,39.0677
1964,36.8445
1965,42.5205
1966,40.1479
1967,37.7558
1968,36.393
1969,111.771
1970,158.817
1971,206.908
1972,250.749
1973,277.152
1974,315.311
1975,336.96
1976,364.027
1977,394.278
1978,430.481
1979,488.059
1980,453.957
1981,416.302
1982,388.644
1983,345.801
1984,327.629
1985,309.454
1986,296.657
1987,294.957
1988,288.282
1989,297.143
1990,303.22
1991,294.58
1992,305.519
1993,327.664
1994,356.831
1995,405.884
1996,409.29
1997,386.186
1998,345.486
1999,313.336
2000,303.521
2001,273.921
2002,251.84
2003,240.12
2004,255.092
2005,299.953
2006,358.49
2007,347.945
2008,343.051
2009,396.423
2010,453.867
2011,459.713
2012,464.413
2013,463.252
2014,499.545
2015,479.901
2016,473.344
2017,422.893
2018,390.562
2019,432.605
2020,441.156
2021,466.576
2022,454.087
2023,402.98
2024,378.762
2025,371.301
2026,352.694
2027,321.582
2028,303.982
2029,309.673
2030,347.767
2031,338.803
2032,353.13
2033,383.732
2034,401.613
2035,412.351
2036,438.324
2037,478.687
2038,444.559
2039,429.307
2040,422.597
2041,408.483
2042,466.675
2043,489.672
2044,508.716
2045,496.429
2046,499.939
2047,468.214
2048,427.455
2049,375.27
2050,346.502
2051,383.674
2052,400.37
2053,375.488
2054,358.157
2055,338.145
2056,401.594
2057,382.515
2058,409.229
2059,466.818
2060,446.072
2061,437.217
2062,465.44
2063,416.223
2064,389.522
2065,357.306
2066,339.272
2067,290.096
2068,253.249
2069,230.149
2070,242.123
2071,242.818
2072,271.423
2073,305.692
2074,317.714
2075,333.685
2076,309.785
2077,279.541
2078,273.608
2079,268.336
2080,249.247
2081,230.319
2082,221.315
2083,214.158
2084,221.428
2085,200.904
2086,184.957
2087,167.383
2088,162.248
2089,168.324
2090,175.097
2091,190.839
2092,196.103
2093,182.563
2094,167.204
2095,173.39
2096,156.995
2097,137.741
2098,134.395
2099,158.193
2100,179.537
2101,162.428
2102,150.352
2103,159.81
2104,171.79
2105,150.057
2106,136.929
2107,118.486
2108,103.43
2109,96.8344
2110,94.0696
2111,84.0645
2112,75.8811
2113,69.2346
2114,63.5265
2115,64.8756
2116,66.6208
2117,60.8951
2118,60.9533
2119,59.6556
2120,64.9787
2121,130.113
2122,124.01
2123,113.867
2124,104.824
2125,104.26
2126,102.886
2127,96.6349
2128,88.5414
2129,79.4561
2130,71.5435
2131,64.776
2132,76.8245
2133,70.6259
2134,64.1995
2135,58.6981
2136,54.1773
2137,50.4467
2138,47.3521
2139,44.7767
2140,42.621
2141,40.7908
2142,39.2341
2143,37.9617
2144,37.5173
2145,37.6319
2146,37.1037
2147,38.7837
2148,37.3708
2149,36.0633
2150,34.903
2151,33.9191
2152,33.0669
2153,32.2968
2154,31.6236
2155,31.0304
2156,32.2326
2157,31.4415
2158,30.7568
2159,30.1638
2160,29.6439
2161,29.1857
2162,28.7786
2163,28.4142
2164,28.0851
2165,27.7847
2166,27.5089
2167,27.2545
2168,27.0183
2169,26.7981
2170,26.5912
2171,26.3962
2172,26.2118
2173,26.0366
2174,25.8697
2175,25.7103
2176,25.5575
2177,25.4108
2178,25.2696
2179,25.1334
2180,25.0018
2181,24.8745
2182,24.7511
2183,24.6313
2184,24.5147
2185,24.4012
2186,24.2905
2187,24.1825
2188,24.0769
2189,23.9736
2190,24.1773
2191,24.3609
2192,24.5215
2193,24.392
2194,24.2498
2195,24.1099
2196,23.9792
2197,23.8558
2198,23.738
2199,23.6791
2200,23.5682
2201,23.4571
2202,23.3483
2203,23.2421
2204,23.1381
2205,23.0357
2206,22.9926
2207,22.891
2208,22.7882
2209,22.6876
2210,22.5964
2211,22.5587
2212,22.4668
2213,22.3695
2214,22.2717
2215,22.176
2216,22.4065
2217,22.6103
2218,22.7929
2219,22.9518
2220,22.7834
2221,22.6556
2222,22.5346
2223,22.4803
2224,22.4377
2225,22.4776
2226,22.4443
2227,22.3377
2228,22.2055
2229,22.2194
2230,22.1769
2231,22.2916
2232,22.1905
2233,22.0346
2234,21.908
2235,21.7937
2236,22.6247
2237,22.6824
2238,22.4695
2239,22.2496
2240,22.1056
2241,22.0263
2242,23.0007
2243,24.3854
2244,26.0831
2245,27.6113
2246,28.6818
2247,29.7187
2248,30.4641
2249,33.6528
2250,34.2094
2251,34.3479
2252,33.1837
2253,31.781
2254,30.5696
2255,29.5229
2256,28.6435
2257,30.7598
2258,31.0326
2259,31.709
2260,31.5158
2261,36.0925
2262,39.4404
2263,41.5394
2264,41.3685
2265,41.344
2266,40.2926
2267,40.81
2268,39.3111
2269,38.0125
2270,37.1404
2271,37.6158
2272,38.6104
2273,39.9878
2274,40.0672
2275,39.7741
2276,42.2076
2277,46.6508
2278,48.7236
2279,48.7588
2280,47.6623
2281,46.5036
2282,45.8122
2283,48.0452
2284,48.4742
2285,49.1857
2286,49.2361
2287,49.5704
2288,48.8743
2289,48.9671
2290,50.5733
2291,50.2467
2292,53.7168
2293,54.6141
2294,56.5414
2295,61.584
2296,59.1815
2297,60.7822
2298,70.2034
2299,78.4435
2300,86.1155
2301,80.0057
2302,77.1501
2303,74.6052
2304,71.944
2305,69.5504
2306,68.9993
2307,68.1434
2308,74.8721
2309,81.5544
2310,102.299
2311,111.314
2312,130.25
2313,193.37
2314,178.069
2315,161.71
2316,147.604
2317,138.386
2318,140.953
2319,143.203
2320,138.774
2321,136.199
2322,136.686
2323,142.611
2324,134.654
2325,130.874
2326,126.249
2327,123.794
2328,123.72
2329,137.709
2330,152.367
2331,140.528
2332,140.876
2333,153.363
2334,150.891
2335,143.137
2336,136.27
2337,140.871
2338,168.858
2339,175.296
2340,166.744
2341,165.305
2342,160.397
2343,179.186
2344,166.28
2345,153.126
2346,145.95
2347,183.641
2348,235.743
2349,213.508
2350,195.819
2351,191.131
2352,198.871
2353,226.18
2354,244.275
2355,232.393
2356,212.18
2357,189.496
2358,176.94
2359,160.809
2360,150.125
2361,140.29
2362,138.197
2363,150.706
2364,233.738
2365,257.322
2366,241.084
2367,223.715
2368,252.444
2369,227.777
2370,241.826
2371,252.705
2372,241.321
2373,241.358
2374,297.416
2375,312.349
2376,321.536
2377,369.14
2378,368.004
2379,339.123
2380,314.261
2381,292.304
2382,299.504
2383,308.714
2384,317.858
2385,323.723
2386,303.395
2387,391.586
2388,394.511
2389,439.871
2390,409.357
2391,364.253
2392,473.635
2393,418.517
2394,430.727
2395,416.362
2396,419.296
2397,383.647
2398,359.48
2399,325.108
2400,301.259
2401,263.579
2402,268.392
2403,261.032
2404,261.85
2405,291.213
2406,300.816
2407,338.295
2408,348.487
2409,322.783
2410,325.736
2411,311.131
2412,305.093
2413,313.127
2414,295.778
2415,284.236
2416,285.997
2417,285.705
2418,317.256
2419,374.032
2420,332.877
2421,315.482
2422,302.319
2423,284.749
2424,323.754
2425,309.194
2426,314.301
2427,387.712
2428,354.827
2429,422.938
2430,445.253
2431,432.029
2432,397.782
2433,376.723
2434,335.142
2435,292.42
2436,287.386
2437,275.129
2438,249.052
2439,221.461
2440,212.708
2441,200.085
2442,193.933
2443,183.161
2444,161.936
2445,176.324
2446,169.717
2447,230.247
2448,217.656
2449,191.878
2450,167.644
2451,152.676
2452,141.242
2453,134.637
2454,129.771
2455,124.385
2456,122.146
2457,163.273
2458,231.307
2459,251.072
2460,268.307
2461,270.122
2462,243.145
2463,229.805
2464,213.64
2465,195.369
2466,175.408
2467,161.974
2468,151.006
2469,140.629
2470,120.854
2471,105.436
2472,102.581
2473,97.2696
2474,88.2348
2475,79.4127
2476,81.4359
2477,73.5452
2478,72.044
2479,70.7929
2480,65.5854
2481,65.6185
2482,64.6739
2483,62.8849
2484,61.1737
2485,60.0952
2486,58.9856
2487,57.3391
2488,56.244
2489,54.9145
2490,50.3514
2491,49.9984
2492,46.3481
2493,43.388
2494,40.7886
2495,38.7537
2496,37.153
2497,39.3353
2498,41.2401
2499,38.8525
2500,37.0484
2501,35.5681
2502,34.3923
2503,36.4238
2504,37.518
2505,35.72
2506,34.2404
2507,33.0458
2508,34.3607
2509,32.9909
2510,31.9917
2511,31.0804
2512,30.2998
2513,29.6099
2514,28.9812
2515,28.4481
2516,27.9734
2517,27.5643
2518,27.1881
2519,26.8467
2520,26.5462
2521,26.2677
2522,25.9839
2523,27.4072
2524,28.559
2525,29.4228
2526,28.4644
2527,27.672
2528,27.0147
2529,26.4802
2530,26.0152
2531,25.6216
2532,25.2841
2533,24.9939
2534,25.1555
2535,25.3032
2536,25.3987
2537,25.4953
2538,30.3132
2539,29.5788
2540,28.9729
2541,28.4731
2542,28.4404
2543,28.1927
2544,28.1456
2545,28.0604
2546,27.8584
2547,27.577
2548,27.3266
2549,27.0468
2550,26.7504
2551,26.4691
2552,26.2023
2553,25.9477
2554,25.7029
2555,25.4664
2556,25.2374
2557,25.0151
2558,24.7992
2559,24.5891
2560,24.3849
2561,24.1862
2562,23.9931
2563,23.8053
2564,23.623
2565,23.4459
2566,23.274
2567,23.1072
2568,22.9455
2569,22.7886
2570,22.6366
2571,22.7882
2572,22.6176
2573,22.4572
2574,22.3057
2575,22.161
2576,22.0225
2577,21.8896
2578,21.8027
2579,21.6776
2580,21.6539
2581,21.5257
2582,21.4036
2583,21.3701
2584,21.2902
2585,21.1769
2586,21.1106
2587,21.3992
2588,21.5317
2589,21.632
2590,21.7617
2591,22.1003
2592,21.8537
2593,24.0826
2594,24.0855
2595,28.6844
2596,29.363
2597,28.8837
2598,28.7573
2599,28.8338
2600,29.6643
2601,29.9962
2602,35.6128
2603,37.4816
2604,37.9376
2605,37.8808
2606,37.4221
2607,36.968
2608,37.2766
2609,38.3861
2610,38.5131
2611,39.3332
2612,40.5848
2613,39.6075
2614,39.9973
2615,39.2941
2616,38.223
2617,37.8656
2618,41.3748
2619,39.8775
2620,39.808
2621,40.0075
2622,39.6768
2623,39.3069
2624,39.0181
2625,40.0844
2626,40.6678
2627,40.7529
2628,39.7814
2629,44.793
2630,47.71
2631,47.3271
2632,45.4993
2633,44.2313
2634,43.764
2635,44.5528
2636,48.0105
2637,49.8314
2638,52.9997
2639,55.1264
2640,57.6414
2641,58.1918
2642,57.082
2643,56.0344
2644,57.409
2645,62.1749
2646,69.8136
2647,75.7653
2648,88.4232
2649,105.564
2650,109.878
2651,102.489
2652,96.3051
2653,90.8847
2654,86.5905
2655,85.612
2656,82.0676
2657,80.0588
2658,77.6217
2659,76.123
2660,77.026
2661,76.3879
2662,80.8959
2663,84.9305
2664,82.8506
2665,82.8728
2666,80.8515
2667,80.5492
2668,81.1784
2669,78.6272
2670,75.2038
2671,73.8862
2672,74.5548
2673,79.315
2674,76.4254
2675,76.1079
2676,81.1462
2677,79.7173
2678,79.3526
2679,85.0118
2680,85.0315
2681,93.2466
2682,104.381
2683,100.783
2684,97.4715
2685,99.4402
2686,97.8038
2687,95.7157
2688,95.4599
2689,99.9223
2690,96.2809
2691,94.5241
2692,91.4807
2693,84.0541
2694,84.1145
2695,85.7035
2696,95.8443
2697,92.8799
2698,122.116
2699,130.463
2700,142.725
2701,136.93
2702,141.055
2703,134.903
2704,141.574
2705,137.325
2706,139.501
2707,140.071
2708,142.644
2709,142.83
2710,147.996
2711,154.475
2712,163.139
2713,147.687
2714,155.973
2715,152.485
2716,184.675
2717,169.103
2718,172.348
2719,181.829
2720,177.987
2721,172.172
2722,156.644
2723,182.638
2724,188.129
2725,236.145
2726,229.296
2727,210.221
2728,194.663
2729,181.475
2730,179.171
2731,170.983
2732,159.442
2733,153.728
2734,153.175
2735,174.822
2736,163.79
2737,161.049
2738,174.277
2739,191.269
2740,211.942
2741,210.306
2742,255.706
2743,250.007
2744,248.482
2745,317.199
2746,291.245
2747,279.874
2748,305.189
2749,309.713
2750,270.604
2751,245.007
2752,239.87
2753,267.665
2754,267.622
2755,305.679
2756,347.109
2757,351.206
2758,382.926
2759,370.123
2760,330.37
2761,332.52
2762,359.962
2763,391.382
2764,361.274
2765,340.31
2766,336.14
2767,339.517
2768,368.736
2769,368.605
2770,333.168
2771,347.806
2772,369.27
2773,383.323
2774,369.684
2775,370.243
2776,348.742
2777,332.24
2778,295.552
2779,276.633
2780,293.936
2781,265.394
2782,286.988
2783,288.522
2784,351.974
2785,418.542
2786,430.553
2787,482.612
2788,458.628
2789,444.156
2790,394.899
2791,366.966
2792,349.449
2793,336.533
2794,304.997
2795,266.766
2796,268.274
2797,310.348
2798,362.625
2799,315.068
2800,374.212
2801,341.672
2802,336.759
2803,340.661
2804,298.571
2805,377.557
2806,362.906
2807,353.501
2808,333.605
2809,308.496
2810,319.069
2811,282.274
2812,249.766
2813,225.717
2814,201.692
2815,182.108
2816,189.597
2817,175.961
2818,194.722
2819,193.826
2820,213.472
2821,194.636
2822,176.422
2823,149.866
2824,172.01
2825,180.917
2826,258.979
2827,318.32
2828,290.075
2829,274.296
2830,300.367
2831,271.019
2832,267.259
2833,237.616
2834,227.938
2835,214.148
2836,208.34
2837,206.134
2838,203.939
2839,193.928
2840,174.877
2841,180.567
2842,162.512
2843,191.809
2844,175.467
2845,156.399
2846,137.829
2847,138.729
2848,128.103
2849,120.476
2850,110.647
2851,101.473
2852,89.5956
2853,79.6816
2854,71.8181
2855,65.5697
2856,60.2636
2857,60.8898
2858,60.4549
2859,63.4881
2860,61.5732
2861,60.2423
2862,55.6346
2863,51.7551
2864,48.2897
2865,45.5913
2866,44.2384
2867,46.7458
2868,52.5401
2869,48.964
2870,49.1731
2871,49.0657
2872,47.4147
2873,46.1521
2874,43.1074
2875,40.5837
2876,38.4957
2877,36.7558
2878,37.0321
2879,35.4759
2880,34.3872
2881,33.2748
2882,32.319
2883,31.5048
2884,30.7813
2885,30.1596
2886,29.5972
2887,29.1034
2888,28.653
2889,28.2569
2890,27.8943
2891,27.5619
2892,27.2532
2893,26.969
2894,26.7026
2895,26.4545
2896,26.223
2897,26.0055
2898,25.8007
2899,25.6069
2900,25.4231
2901,25.2483
2902,25.0815
2903,24.9219
2904,24.77
2905,24.623
2906,24.4815
2907,24.3451
2908,24.2134
2909,24.0861
2910,23.9629
2911,23.8433
2912,23.7272
2913,23.6143
2914,23.5063
2915,23.3987
2916,23.2939
2917,23.1915
2918,23.0914
2919,22.9934
2920,22.8974
2921,22.8033
2922,22.7109
2923,22.6201
2924,22.5308
2925,22.7945
2926,23.0441
2927,23.347
2928,23.2969
2929,23.1655
2930,23.004
2931,22.8561
2932,22.7171
2933,22.5875
2934,22.464
2935,22.3467
2936,22.2343
2937,22.1261
2938,22.0206
2939,21.9182
2940,22.5237
2941,23.0271
2942,23.1253
2943,23.0045
2944,22.8351
2945,22.6491
2946,22.6114
2947,22.4844
2948,22.3203
2949,24.0466
2950,24.1394
2951,23.9279
2952,23.6069
2953,23.942
2954,23.8932
2955,23.8632
2956,23.8465
2957,23.9407
2958,23.959
2959,24.0128
2960,24.1484
2961,23.8627
2962,23.5788
2963,23.3164
2964,23.0742
2965,22.8475
2966,22.6336
2967,22.4299
2968,22.2347
2969,22.0467
2970,22.3071
2971,22.5056
2972,23.5266
2973,23.1819
2974,23.0601
2975,23.0707
2976,23.2405
2977,23.9921
2978,24.1819
2979,23.7427
2980,23.7699
2981,24.0311
2982,24.3017
2983,24.4636
2984,24.564
2985,24.8974
2986,26.1885
2987,27.3093
2988,27.2773
2989,27.5387
2990,33.0718
2991,32.2219
2992,33.6206
2993,34.3596
2994,34.6415
2995,35.9787
2996,39.1134
2997,38.715
2998,37.0413
2999,35.5499
3000,35.1913
3001,36.649
3002,36.4129
3003,36.4537
3004,39.0077
3005,39.5151
3006,37.893
3007,36.9179
3008,37.3402
3009,37.5843
3010,38.0772
3011,38.8919
3012,38.0366
3013,39.042
3014,38.8405
3015,41.4175
3016,41.6975
3017,40.2824
3018,39.6048
3019,38.4016
3020,37.7476
3021,37.2165
3022,41.3981
3023,46.1059
3024,53.5415
3025,55.5573
3026,55.4527
3027,53.9457
3028,52.6712
3029,51.7836
3030,53.2199
3031,57.1691
3032,60.0376
3033,62.4477
3034,61.1269
3035,61.3848
3036,67.8813
3037,70.5387
3038,73.1204
3039,81.9058
3040,80.1288
3041,81.9833
3042,81.6363
3043,77.6348
3044,75.5215
3045,72.9479
3046,67.4935
3047,66.2106
3048,66.9515
3049,65.7997
3050,64.7
3051,64.4185
3052,65.639
3053,64.4762
3054,63.3965
3055,66.4373
3056,67.1709
3057,68.1412
3058,67.8477
3059,70.6682
3060,71.6053
3061,71.7428
3062,69.0263
3063,67.4884
3064,65.9733
3065,64.6534
3066,64.9003
3067,78.9184
3068,91.1655
3069,96.786
3070,97.3021
3071,95.6919
3072,93.1863
3073,93.3442
3074,87.7684
3075,85.1225
3076,86.257
3077,97.0103
3078,93.8102
3079,92.5512
3080,92.8274
3081,101.235
3082,154.629
3083,154.847
3084,148.446
3085,209.253
3086,198.77
3087,224.391
3088,230.666
3089,257.596
3090,253.862
3091,252.348
3092,289.807
3093,310.03
3094,300.344
3095,340.957
3096,380.864
3097,388.041
3098,406.313
3099,412.093
3100,412.955
3101,403.991
3102,363.723
3103,366.547
3104,346.455
3105,403.656
3106,544.897
3107,531.798
3108,516.744
3109,543.976
3110,539.508
3111,502.843
3112,481.446
3113,503.326
3114,495.568
3115,515.135
3116,485.548
3117,472.371
3118,521.565
3119,484.248
3120,495.599
3121,519.75
3122,507.983
3123,503.9
3124,502.171
3125,474.129
3126,476.133
3127,463.563
3128,501.257
3129,475.652
3130,496.988
3131,526.773
3132,469.789
3133,455.416
3134,449.926
3135,467.993
3136,453.033
3137,454.546
3138,445.829
3139,429.754
3140,446.342
3141,423.35
3142,428.763
3143,490.777
3144,721.617
3145,682.405
3146,629.18
3147,650.227
3148,616.417
3149,625.194
3150,578.472
3151,549.611
3152,489.678
3153,477.845
3154,541.691
3155,487.638
3156,479.44
3157,463.278
3158,429.066
3159,399.656
3160,362.737
3161,382.028
3162,336.883
3163,315.079
3164,282.004
3165,309.964
3166,291.162
3167,273.341
3168,264.154
3169,228.456
3170,218.384
3171,215.893
3172,235.116
3173,209.061
3174,191.282
3175,190.222
3176,190.965
3177,308.262
3178,326.412
3179,320.991
3180,328.702
3181,352.034
3182,303.999
3183,278.974
3184,321.324
3185,309.906
3186,290.833
3187,270.59
3188,238.25
3189,244.301
3190,220.489
3191,204.712
3192,179.729
3193,161.956
3194,170.829
3195,165.158
3196,159.485
3197,153.832
3198,142.31
3199,129.864
3200,121.009
3201,121.262
3202,118.135
3203,113.571
3204,113.905
3205,122.731
3206,106.299
3207,137.888
3208,122.624
3209,111.775
3210,103.427
3211,95.6354
3212,84.9815
3213,76.3846
3214,72.9453
3215,66.1982
3216,64.3693
3217,59.0147
3218,54.6016
3219,54.6099
3220,50.7523
3221,47.6206
3222,44.8931
3223,42.5452
3224,40.8882
3225,39.432
3226,38.2682
3227,37.2687
3228,36.2858
3229,35.5414
3230,34.9216
3231,34.271
3232,33.4542
3233,32.739
3234,32.0918
3235,31.4683
3236,30.9615
3237,30.4752
3238,29.9983
3239,29.6942
3240,29.256
3241,28.9704
3242,28.5409
3243,28.17
3244,27.809
3245,27.5058
3246,27.3242
3247,27.1116
3248,29.0407
3249,28.3577
3250,27.7736
3251,27.3099
3252,26.9339
3253,26.5769
3254,26.2568
3255,25.9581
3256,25.7065
3257,25.4772
3258,25.26
3259,25.1263
3260,24.9614
3261,24.8041
3262,24.662
3263,24.5179
3264,24.4391
3265,24.3328
3266,24.1864
3267,24.042
3268,23.9042
3269,23.7797
3270,23.6547
3271,23.5339
3272,23.4192
3273,23.3105
3274,23.2063
3275,23.1061
3276,23.0092
3277,22.9147
3278,22.8222
3279,22.7359
3280,22.6482
3281,22.5612
3282,22.4772
3283,22.8859
3284,22.7704
3285,22.6638
3286,22.5571
3287,22.4512
3288,23.2701
3289,23.0735
3290,22.8993
3291,23.0722
3292,22.908
3293,22.7525
3294,22.61
3295,22.4774
3296,22.3523
3297,22.2333
3298,22.1301
3299,22.0251
3300,21.9363
3301,21.8358
3302,21.7286
3303,21.6251
3304,21.5909
3305,21.4925
3306,21.4107
3307,21.3299
3308,21.2261
3309,21.2361
3310,21.1259
3311,21.0276
3312,20.9521
3313,20.9052
3314,20.8162
3315,20.7335
3316,20.6451
3317,20.5546
3318,20.4627
3319,20.3589
3320,20.2598
3321,20.1924
3322,20.0894
3323,19.9953
3324,19.9179
3325,19.8674
3326,19.8167
3327,19.7615
3328,19.708
3329,19.6756
3330,20.2216
3331,20.1933
3332,20.7986
3333,20.7895
3334,20.803
3335,20.6562
3336,20.5179
3337,20.4285
3338,20.4112
3339,20.3101
3340,20.2337
3341,20.2559
3342,20.406
3343,20.2589
3344,20.3577
3345,20.3814
3346,20.3236
3347,20.0729
3348,19.7919
3349,19.5284
3350,19.4458
3351,19.4708
3352,20.5038
3353,22.238
3354,22.9309
3355,23.2923
3356,25.1336
3357,25.9639
3358,26.5581
3359,25.5032
3360,24.7868
3361,24.1805
3362,23.9357
3363,23.4907
3364,23.2712
3365,23.2865
3366,23.2352
3367,25.1394
3368,29.4044
3369,32.2823
3370,32.6669
3371,33.6095
3372,36.497
3373,38.7245
3374,37.8654
3375,37.6934
3376,37.9683
3377,42.903
3378,43.5558
3379,42.4206
3380,42.6028
3381,43.6562
3382,45.5821
3383,44.971
3384,47.9694
3385,54.655
3386,58.9451
3387,59.7549
3388,57.9818
3389,56.0101
3390,55.8554
3391,60.5727
3392,67.2223
3393,77.2643
3394,81.5622
3395,80.4161
3396,75.1914
3397,73.4377
3398,73.4731
3399,74.5548
3400,74.7796
3401,71.4861
3402,72.8273
3403,73.2379
3404,74.538
3405,73.0951
3406,69.9402
3407,66.1104
3408,65.6329
3409,68.5155
3410,82.5609
3411,83.0318
3412,79.6836
3413,91.9526
3414,91.1987
3415,95.4408
3416,93.375
3417,100.939
3418,97.5937
3419,110.264
3420,102.477
3421,94.1111
3422,87.8493
3423,88.3004
3424,85.6154
3425,88.3467
3426,84.2866
3427,96.1293
3428,97.782
3429,96.991
3430,106.806
3431,101.415
3432,100.115
3433,107.108
3434,133.058
3435,138.39
3436,126.961
3437,116.539
3438,113.276
3439,112.195
3440,103.705
3441,111.752
3442,104.944
3443,102.348
3444,131.999
3445,150.724
3446,143.597
3447,134.8
3448,125.302
3449,117.018
3450,108.831
3451,101.104
3452,138.58
3453,125.224
3454,116.424
3455,117.261
3456,116.433
3457,111.271
3458,112.524
3459,117.24
3460,120.762
3461,128.251
3462,127.229
3463,119.403
3464,113.998
3465,131.644
3466,168.018
3467,150.822
3468,151.311
3469,165.77
3470,269.198
3471,323.452
3472,378.198
3473,370.836
3474,395.426
3475,406.759
3476,446.594
3477,418.444
3478,433.789
3479,398.8
3480,392.114
3481,363.549
3482,450.429
3483,436.086
3484,432.712
3485,387.48
3486,344.71
3487,304.941
3488,324.054
3489,360.305
3490,352.369
3491,393.021
3492,382.367
3493,344.837
3494,297.356
3495,289.832
3496,314.534
3497,334.911
3498,323.091
3499,332.405
3500,286.887
3501,254.368
3502,224.189
3503,208.435
3504,253.745
3505,245.563
3506,330.173
3507,362.963
3508,385.904
3509,442.17
3510,440.705
3511,446.527
3512,389.428
3513,378.462
3514,359.905
3515,370.085
3516,357.946
3517,447.569
3518,409.481
3519,365.41
3520,348.635
3521,335.873
3522,294.242
3523,268.493
3524,278.118
3525,291.428
3526,250.631
3527,234.852
3528,223.633
3529,228.443
3530,323.061
3531,321.665
3532,298.752
3533,274.672
3534,253.716
3535,250.512
3536,258.026
3537,278.285
3538,290.208
3539,291.683
3540,262.105
3541,275.574
3542,262.167
3543,254.469
3544,228.213
3545,197.404
3546,171.92
3547,150.538
3548,133.458
3549,124.298
3550,132.917
3551,166.073
3552,158.243
3553,142.207
3554,119.958
3555,109.391
3556,100.7
3557,88.6369
3558,84.8045
3559,74.9752
3560,75.3155
3561,74.3973
3562,72.6557
3563,75.7907
3564,76.9027
3565,78.7864
3566,88.1511
3567,113.014
3568,161.983
3569,198.07
3570,181.804
3571,161.94
3572,141.347
3573,124.899
3574,110.945
3575,96.7409
3576,85.2845
3577,75.2848
3578,67.5827
3579,60.9596
3580,58.2771
3581,58.6965
3582,53.8858
3583,49.8034
3584,46.1305
3585,43.0396
3586,40.5325
3587,38.3487
3588,36.5035
3589,34.9567
3590,33.5894
3591,32.4021
3592,31.3406
3593,30.4023
3594,29.5625
3595,28.7976
3596,28.1105
3597,27.4911
3598,26.9265
3599,26.412
3600,25.9409
3601,25.5076
3602,25.1065
3603,24.7387
3604,26.399
3605,27.746
3606,26.7693
3607,27.6055
3608,27.7105
3609,29.3712
3610,28.0962
3611,26.9931
3612,26.0585
3613,25.2522
3614,24.5834
3615,23.9886
3616,23.4816
3617,23.0485
3618,22.6619
3619,22.3404
3620,22.0679
3621,21.8227
3622,21.5817
3623,21.3706
3624,21.2672
3625,21.0992
3626,20.9674
3627,20.796
3628,20.6079
3629,20.4336
3630,20.2719
3631,20.1217
3632,19.9821
3633,19.8518
3634,19.7298
3635,19.6141
3636,19.5044
3637,19.3996
3638,19.6458
3639,19.8985
3640,19.8462
3641,19.6978
3642,19.5622
3643,19.4374
3644,19.3214
3645,19.2139
3646,19.11
3647,19.0102
3648,18.914
3649,18.8207
3650,18.7298
3651,18.6411
3652,18.918
3653,19.1282
3654,18.988
3655,18.8606
3656,19.0472
3657,19.3042
3658,19.1416
3659,19.2774
3660,19.4843
3661,19.4938
3662,19.3155
3663,19.1549
3664,19.3291
3665,19.1623
3666,19.0095
3667,19.3285
3668,19.1468
3669,18.9812
3670,18.9087
3671,18.7834
3672,18.7142
3673,18.9974
3674,19.1705
3675,19.3009
3676,19.4499
3677,19.2322
3678,19.1562
3679,19.0203
3680,18.8714
3681,18.712
3682,18.584
3683,18.5377
3684,18.7463
3685,18.6292
3686,18.4501
3687,18.2828
3688,18.1261
3689,17.978
3690,17.8374
3691,18.0985
3692,17.9294
3693,22.186
3694,24.6915
3695,25.3586
3696,25.0635
3697,24.9102
3698,24.7152
3699,24.4018
3700,24.0593
3701,23.6268
3702,23.2523
3703,22.8717
3704,22.6312
3705,22.6672
3706,22.9607
3707,23.0864
3708,23.2982
3709,23.2694
3710,23.5874
3711,23.7261
3712,24.3323
3713,25.9115
3714,26.6729
3715,26.8554
3716,26.8568
3717,28.3451
3718,27.8526
3719,27.7128
3720,28.1053
3721,27.5989
3722,27.1016
3723,26.4354
3724,26.3984
3725,26.985
3726,27.7164
3727,31.0669
3728,30.9114
3729,31.4184
3730,32.5446
3731,35.2301
3732,40.6873
3733,50.4739
3734,58.2017
3735,65.7177
3736,70.8427
3737,73.7917
3738,74.7334
3739,73.6601
3740,72.3257
3741,66.8235
3742,62.8432
3743,61.912
3744,59.0946
3745,58.7749
3746,56.346
3747,56.2713
3748,56.3361
3749,55.8294
3750,55.4956
3751,54.5251
3752,57.0637
3753,63.4015
3754,63.9789
3755,69.6999
3756,87.1032
3757,83.4818
3758,84.4639
3759,83.1345
3760,83.694
3761,78.867
3762,87.1526
3763,93.0747
3764,99.6685
3765,100.695
3766,101.796
3767,98.0731
3768,94.1547
3769,90.2707
3770,85.8319
3771,86.3266
3772,84.9392
3773,79.8421
3774,90.4003
3775,92.4447
3776,94.9501
3777,93.1225
3778,89.6028
3779,96.8414
3780,93.6086
3781,88.7496
3782,84.3685
3783,89.4782
3784,88.9221
3785,89.6638
3786,89.2514
3787,91.4116
3788,87.2085
3789,84.0081
3790,91.0567
3791,89.4978
3792,100.189
3793,126.333
3794,127.101
3795,123.299
3796,124.75
3797,115.511
3798,114.604
3799,111.931
3800,107.484
3801,140.582
3802,129.911
3803,129.846
3804,125.65
3805,115.185
3806,106.477
3807,102.097
3808,96.7792
3809,148.463
3810,141.699
3811,131.351
3812,126.789
3813,127.863
3814,120.433
3815,119.054
3816,123.961
3817,116.767
3818,114.843
3819,112.5
3820,111.053
3821,125.938
3822,134.205
3823,169.778
3824,169.992
3825,161.269
3826,165.507
3827,152.353
3828,238.475
3829,224.67
3830,240.361
3831,243.172
3832,336.773
3833,330.648
3834,318.389
3835,331.968
3836,416.164
3837,536.631
3838,567.119
3839,615.245
3840,601.4
3841,549.742
3842,474.774
3843,437.184
3844,540.404
3845,553.721
3846,533.638
3847,487.762
3848,453.336
3849,403.626
3850,377.003
3851,367.87
3852,342.366
3853,383.111
3854,380.906
3855,355.102
3856,371.802
3857,363.066
3858,351.353
3859,377.122
3860,395.065
3861,492.454
3862,429.23
3863,479.935
3864,529.145
3865,530.572
3866,476.749
3867,440.435
3868,448.53
3869,509.957
3870,521.348
3871,500.016
3872,479.986
3873,438.513
3874,396.728
3875,352.095
3876,330.266
3877,305.133
3878,301.558
3879,305.806
3880,324.334
3881,321.033
3882,350.355
3883,365.063
3884,426.521
3885,532.241
3886,573.469
3887,595.258
3888,567.825
3889,532.639
3890,492.836
3891,443.004
3892,437.316
3893,497.353
3894,453.938
3895,484.544
3896,515.474
3897,472.291
3898,520.584
3899,485.142
3900,499.502
3901,476.266
3902,466.255
3903,442.844
3904,403.639
3905,412.098
3906,426.143
3907,402.843
3908,360.885
3909,339.712
3910,331.595
3911,334.49
3912,412.156
3913,393.109
3914,439.44
3915,500.695
3916,478.583
3917,433.401
3918,372.842
3919,389.063
3920,395.937
3921,357.948
3922,307.803
3923,275.71
3924,236.503
3925,217.502
3926,226.112
3927,192.308
3928,172.036
3929,161.189
3930,145.126
3931,134.016
3932,123.68
3933,113.484
3934,100.871
3935,105.607
3936,101.99
3937,94.8866
3938,90.4566
3939,83.2709
3940,84.1213
3941,81.5516
3942,79.7951
3943,85.4546
3944,93.1594
3945,94.3099
3946,103.59
3947,119.204
3948,112.697
3949,110.282
3950,96.7398
3951,84.8269
3952,75.2304
3953,111.469
3954,99.2616
3955,87.4962
3956,79.9799
3957,75.4275
3958,70.614
3959,66.9276
3960,60.7433
3961,55.6305
3962,64.9228
3963,70.7519
3964,67.6178
3965,63.9448
3966,58.7264
3967,63.4471
3968,60.8756
3969,59.6219
3970,55.2015
3971,60.753
3972,78.4566
3973,71.7234
3974,64.6569
3975,60.6044
3976,59.2803
3977,62.7548
3978,59.4379
3979,61.5478
3980,57.8285
3981,54.8684
3982,52.2785
3983,54.7104
3984,52.1304
3985,57.5544
3986,52.3415
3987,53.0982
3988,48.8405
3989,46.7794
3990,44.121
3991,41.4614
3992,40.8246
3993,39.1446
3994,37.453
3995,36.0814
3996,35.189
3997,35.4167
3998,35.0739
3999,34.5811
4000,35.0416
4001,34.4715
4002,33.9652
4003,33.1886
4004,33.0058
4005,32.6631
4006,32.0266
4007,32.7281
4008,33.4861
4009,33.51
4010,34.1445
4011,33.5401
4012,33.2817
4013,32.9794
4014,32.9576
4015,32.639
4016,32.9139
4017,32.7723
4018,33.4078
4019,34.9412
4020,35.4785
4021,34.9397
4022,34.625
4023,34.1989
4024,33.5839
4025,33.3193
4026,33.1018
4027,32.8142
4028,32.5425
4029,32.2473
4030,31.698
4031,31.4806
4032,31.4012
4033,30.9548
4034,32.0005
4035,31.7528
4036,31.6106
4037,31.293
4038,31.0164
4039,30.7762
4040,30.6215
4041,30.5424
4042,30.5522
4043,30.2534
4044,29.9496
4045,29.7644
4046,29.4523
4047,29.3766
4048,29.4333
4049,29.7386
4050,29.867
4051,29.817
4052,30.2244
4053,30.804
4054,31.5866
4055,33.1195
4056,34.6523
4057,37.2943
4058,38.1149
4059,38.5421
4060,38.1245
4061,37.9454
4062,38.8668
4063,42.9499
4064,48.7234
4065,48.6425
4066,48.2315
4067,46.4788
4068,45.2963
4069,45.6588
4070,47.3006
4071,46.3048
4072,46.1825
4073,45.673
4074,44.4739
4075,43.7282
4076,43.1893
4077,42.7195
4078,42.8344
4079,45.1095
4080,47.0161
4081,47.5395
4082,48.464
4083,50.6583
4084,51.8094
4085,52.2892
4086,52.2133
4087,51.8988
4088,51.1775
4089,50.5101
4090,50.1204
4091,50.5569
4092,51.8604
4093,55.9822
4094,58.9147
4095,60.4935
4096,61.3061
4097,77.0796
4098,73.6725
4099,72.3982
4100,74.5739
4101,76.829
4102,79.6139
4103,79.4759
4104,77.892
4105,75.7286
4106,73.4386
4107,72.6853
4108,71.5962
4109,70.9134
4110,69.3282
4111,67.7522
4112,67.9624
4113,67.2141
4114,66.0026
4115,66.1563
4116,69.5128
4117,71.9892
4118,74.9608
4119,75.8474
4120,80.4528
4121,76.9362
4122,76.6002
4123,73.6721
4124,74.0662
4125,80.2012
4126,85.6345
4127,82.4253
4128,80.2021
4129,82.0716
4130,83.7544
4131,83.8598
4132,87.0267
4133,89.1635
4134,87.7971
4135,89.2237
4136,98.4361
4137,99.0532
4138,100.755
4139,118.305
4140,146.666
4141,141.84
4142,141.331
4143,147.834
4144,161.469
4145,148.103
4146,138.834
4147,143.441
4148,149.355
4149,210.315
4150,189.25
4151,184.549
4152,179.268
4153,168.75
4154,183.987
4155,190.443
4156,189.974
4157,177.605
4158,164.959
4159,165.605
4160,166.991
4161,156.21
4162,156.42
4163,165.842
4164,197.039
4165,205.857
4166,190.648
4167,186.478
4168,174.644
4169,168.171
4170,171.275
4171,164.164
4172,162.092
4173,152.219
4174,155.286
4175,169.611
4176,154.564
4177,147.094
4178,139.353
4179,142.532
4180,141.744
4181,140.431
4182,141.644
4183,150.143
4184,172.778
4185,184.146
4186,208.527
4187,216.397
4188,205.85
4189,220.242
4190,236.309
4191,310.404
4192,307.045
4193,314.605
4194,385.314
4195,394.752
4196,371.144
4197,369.883
4198,352.836
4199,352.506
4200,442.488
4201,495.608
4202,569.895
4203,530.362
4204,590.766
4205,670.503
4206,586.96
4207,549.18
4208,526.173
4209,508.27
4210,457.815
4211,436.15
4212,426.468
4213,478.526
4214,526.613
4215,508.029
4216,493.816
4217,491.529
4218,512.997
4219,535.292
4220,623.149
4221,562.942
4222,491.642
4223,497.404
4224,496.324
4225,428.811
4226,438.604
4227,441.737
4228,429.581
4229,400.83
4230,366.243
4231,342.464
4232,325.329
4233,330.258
4234,348.941
4235,379.877
4236,453.08
4237,429.748
4238,427.583
4239,390.82
4240,495.013
4241,473.396
4242,430.687
4243,383.363
4244,375.471
4245,373.543
4246,379.895
4247,393.66
4248,395.912
4249,443.178
4250,463.429
4251,409.769
4252,374.008
4253,370.604
4254,354.706
4255,419.051
4256,375.408
4257,336.528
4258,305.034
4259,286.475
4260,278.319
4261,258.857
4262,252.548
4263,275.077
4264,242.731
4265,227.874
4266,210.664
4267,200.478
4268,189.34
4269,172.442
4270,174.124
4271,196.361
4272,236.626
4273,274.296
4274,264.556
4275,258.449
4276,258.748
4277,235.207
4278,223.57
4279,227.126
4280,323.687
4281,302.03
4282,273.107
4283,255.922
4284,241.56
4285,249.628
4286,247.433
4287,344.971
4288,301.426
4289,265.489
4290,235.691
4291,212.708
4292,192.109
4293,166.507
4294,149.68
4295,129.598
4296,113.561
4297,101.135
4298,99.1421
4299,97.5273
4300,93.3466
4301,92.6515
4302,83.394
4303,76.0169
4304,70.3858
4305,73.9737
4306,74.877
4307,76.7074
4308,70.4022
4309,65.1796
4310,66.8864
4311,66.7491
4312,63.0095
4313,62.268
4314,57.7822
4315,58.0208
4316,62.4188
4317,62.2124
4318,69.189
4319,67.492
4320,65.1107
4321,62.3727
4322,62.8205
4323,60.5013
4324,58.2354
4325,57.4173
4326,56.2613
4327,54.7387
4328,53.2804
4329,56.8781
4330,55.3726
4331,54.5625
4332,54.0851
4333,54.7309
4334,53.4933
4335,54.1469
4336,53.9063
4337,52.4581
4338,51.471
4339,48.6977
4340,49.1835
4341,48.433
4342,47.7145
4343,47.1441
4344,47.3977
4345,47.6378
4346,47.0413
4347,46.3572
4348,44.0056
4349,44.3031
4350,45.0823
4351,45.0143
4352,47.5653
4353,45.7829
4354,44.5151
4355,42.9986
4356,42.4412
4357,41.5115
4358,40.761
4359,39.9212
4360,39.3038
4361,38.3547
4362,37.5299
4363,37.3623
4364,37.1247
4365,36.9512
4366,36.7093
4367,36.5935
4368,36.3753
4369,36.206
4370,36.1478
4371,35.6603
4372,35.2184
4373,34.8007
4374,34.4097
4375,34.0321
4376,33.7015
4377,33.4105
4378,33.1676
4379,32.8719
4380,32.5857
4381,32.3293
4382,32.0429
4383,31.7696
4384,31.5311
4385,32.7869
4386,32.7808
4387,32.7122
4388,33.0115
4389,32.9341
4390,32.8672
4391,33.9653
4392,33.783
4393,34.3169
4394,33.7802
4395,33.618
4396,33.9867
4397,34.7219
4398,34.3868
4399,34.3102
4400,34.2998
4401,34.1247
4402,34.0402
4403,33.9626
4404,33.8304
4405,33.6826
4406,33.2503
4407,32.8388
4408,32.6912
4409,32.517
4410,32.4861
4411,32.4147
4412,32.3467
4413,32.2823
4414,32.2354
4415,31.8436
4416,31.4686
4417,31.2171
4418,30.9442
4419,31.6293
4420,32.6862
4421,33.7841
4422,35.8829
4423,47.0686
4424,45.7376
4425,44.3596
4426,43.4838
4427,42.476
4428,42.2686
4429,41.7667
4430,41.013
4431,41.6881
4432,42.4623
4433,42.06
4434,41.5277
4435,41.7554
4436,43.7044
4437,45.4607
4438,46.7356
4439,46.5708
4440,47.1772
4441,46.6453
4442,45.7682
4443,46.6536
4444,45.7232
4445,44.8482
4446,46.9488
4447,46.207
4448,45.48
4449,46.9144
4450,54.102
4451,52.9315
4452,51.1165
4453,49.2751
4454,59.0135
4455,78.0865
4456,73.4776
4457,69.6935
4458,66.7151
4459,64.0914
4460,62.5987
4461,62.6209
4462,63.5277
4463,66.2048
4464,71.781
4465,79.1823
4466,79.8096
4467,80.2446
4468,83.0287
4469,86.6428
4470,103.063
4471,109.176
4472,112.308
4473,109.894
4474,110.37
4475,112.078
4476,115.714
4477,124.373
4478,120.171
4479,112.715
4480,111.86
4481,109.574
4482,104.639
4483,101.011
4484,98.8736
4485,96.4266
4486,94.737
4487,100.403
4488,103.349
4489,101.461
4490,101.5
4491,104.316
4492,115.938
4493,121.888
4494,125.401
4495,123.231
4496,125.074
4497,124.773
4498,126.048
4499,127.662
4500,129.213
4501,131.542
4502,147.746
4503,143.328
4504,144.432
4505,144.295
4506,144.15
4507,148.141
4508,142.07
4509,134.864
4510,130.506
4511,132.621
4512,136.49
4513,140.978
4514,143.748
4515,141.052
4516,136.247
4517,136.88
4518,144.623
4519,148.225
4520,140.695
4521,142.331
4522,138.158
4523,136.665
4524,133.53
4525,136.467
4526,133.704
4527,137.292
4528,140.163
4529,142.009
4530,139.963
4531,136.236
4532,133.989
4533,138.065
4534,141.04
4535,145.637
4536,141.089
4537,166.169
4538,170.793
4539,186.807
4540,186.414
4541,179.653
4542,165.892
4543,167.945
4544,171.972
4545,158.993
4546,159.998
4547,154.869
4548,164.042
4549,186.537
4550,190.455
4551,191.088
4552,215.21
4553,230.784
4554,219.108
4555,215.766
4556,210.371
4557,232.949
4558,224.976
4559,240.083
4560,315.14
4561,340.182
4562,326.442
4563,300.421
4564,341.433
4565,336.806
4566,391.386
4567,407.273
4568,376.939
4569,399.513
4570,418.012
4571,447.226
4572,447.002
4573,448.151
4574,417.024
4575,409.373
4576,382.49
4577,418.947
4578,486.017
4579,502.235
4580,448.859
4581,461.983
4582,429.406
4583,374.142
4584,380.837
4585,412.749
4586,428.408
4587,438.693
4588,413.315
4589,469.592
4590,498.878
4591,489.433
4592,445.158
4593,410.11
4594,416.049
4595,448.816
4596,392.214
4597,343.295
4598,347.674
4599,361.818
4600,446.751
4601,421.612
4602,445.339
4603,414.293
4604,415.216
4605,419.752
4606,431.96
4607,382.454
4608,373.733
4609,377.185
4610,356.389
4611,334.751
4612,324.299
4613,306.817
4614,373.106
4615,355.393
4616,380.96
4617,366.723
4618,374.653
4619,343.108
4620,334.822
4621,395.734
4622,398.121
4623,376.203
4624,383.8
4625,354.153
4626,491.019
4627,434.892
4628,390.771
4629,352.555
4630,312.706
4631,357.67
4632,392.63
4633,338.383
4634,303.46
4635,274.833
4636,243.883
4637,251.133
4638,261.7
4639,294.247
4640,353.153
4641,337.143
4642,326.275
4643,418.092
4644,467.999
4645,477.946
4646,471.179
4647,437.776
4648,425.744
4649,381.929
4650,348.902
4651,307.091
4652,271.474
4653,231.237
4654,199.328
4655,175.662
4656,154.809
4657,144.254
4658,139.718
4659,126.103
4660,127.531
4661,122.54
4662,114.475
4663,107.239
4664,95.4508
4665,87.1575
4666,85.3016
4667,84.5127
4668,76.5413
4669,70.604
4670,65.2981
4671,60.9564
4672,57.0574
4673,54.13
4674,51.5258
4675,49.4993
4676,47.7067
4677,46.2473
4678,44.8387
4679,43.6568
4680,42.5848
4681,41.4646
4682,43.4051
4683,42.7279
4684,41.394
4685,40.3842
4686,39.317
4687,38.8343
4688,38.2733
4689,37.7913
4690,37.2074
4691,36.6904
4692,36.2731
4693,35.958
4694,35.6589
4695,35.3041
4696,34.9756
4697,34.6945
4698,34.4593
4699,34.2111
4700,33.9613
4701,33.7347
4702,33.5457
4703,33.3444
4704,33.173
4705,33.0057
4706,32.8397
4707,32.6779
4708,32.5261
4709,32.36
4710,32.201
4711,32.0778
4712,31.988
4713,31.8376
4714,31.6818
4715,31.5343
4716,31.3909
4717,31.2551
4718,32.7434
4719,32.316
4720,31.951
4721,31.638
4722,31.3659
4723,31.1297
4724,30.9205
4725,30.8689
4726,30.7536
4727,30.5896
4728,30.4198
4729,30.6007
4730,30.4929
4731,30.6654
4732,30.8029
4733,30.9287
4734,30.712
4735,30.5168
4736,30.3457
4737,30.179
4738,30.0213
4739,29.8709
4740,29.7269
4741,29.5864
4742,29.4494
4743,29.3152
4744,29.1834
4745,29.0536
4746,28.9255
4747,28.799
4748,28.6741
4749,28.5513
4750,28.8075
4751,29.0137
4752,29.2365
4753,29.3609
4754,29.4635
4755,29.5989
4756,30.1905
4757,30.2162
4758,29.9213
4759,30.0734
4760,29.8026
4761,30.0123
4762,31.0706
4763,31.0403
4764,31.0389
4765,31.2586
4766,30.9744
4767,31.2073
4768,38.1979
4769,37.7267
4770,37.0981
4771,36.8353
4772,36.1069
4773,36.0507
4774,35.7977
4775,35.7344
4776,35.4796
4777,35.513
4778,36.2763
4779,35.9281
4780,35.9023
4781,35.9508
4782,35.7684
4783,36.3353
4784,35.8258
4785,36.1436
4786,37.0903
4787,41.7388
4788,40.6939
4789,40.0122
4790,39.5613
4791,39.6442
4792,38.7364
4793,38.4925
4794,39.0063
4795,38.4587
4796,44.7564
4797,47.1596
4798,46.6443
4799,45.4484
4800,46.0731
4801,45.4713
4802,48.0174
4803,48.6055
4804,48.0928
4805,48.5833
4806,49.3884
4807,51.7267
4808,57.2893
4809,56.5378
4810,56.1751
4811,57.6758
4812,59.4349
4813,61.202
4814,62.6824
4815,64.2879
4816,64.1999
4817,66.3904
4818,64.4856
4819,63.2159
4820,61.825
4821,63.0681
4822,64.7322
4823,66.212
4824,68.0779
4825,65.2121
4826,62.1663
4827,59.9244
4828,60.5564
4829,59.2415
4830,57.5088
4831,58.2072
4832,59.3553
4833,63.5483
4834,62.4734
4835,63.6377
4836,67.8904
4837,71.6969
4838,69.4508
4839,68.593
4840,66.8837
4841,69.7493
4842,69.07
4843,67.1172
4844,65.9704
4845,64.4002
4846,63.6193
4847,63.1707
4848,69.0123
4849,83.5713
4850,103.746
4851,115.475
4852,120.172
4853,121.06
4854,113.105
4855,106.691
4856,100.832
4857,99.555
4858,100.873
4859,94.4767
4860,89.4558
4861,87.1886
4862,86.3188
4863,84.7158
4864,82.4168
4865,85.9601
4866,88.9501
4867,91.4536
4868,93.1429
4869,102.044
4870,115.792
4871,122.585
4872,119.37
4873,118.841
4874,111.41
4875,109.605
4876,106.224
4877,105.615
4878,105.589
4879,103.644
4880,106.449
4881,120.826
4882,116.109
4883,111.446
4884,109.29
4885,103.891
4886,104.969
4887,102.947
4888,110.104
4889,110.447
4890,109.977
4891,115.682
4892,119.224
4893,145.504
4894,161.748
4895,175.986
4896,167.004
4897,158.043
4898,156.592
4899,143.306
4900,149.131
4901,152.22
4902,161.692
4903,161.57
4904,179.101
4905,176.715
4906,164.326
4907,159.599
4908,153.292
4909,151.604
4910,179.693
4911,220.662
4912,221.786
4913,221.571
4914,207.642
4915,217.439
4916,230.346
4917,246.791
4918,309.057
4919,347.23
4920,368.438
4921,356.999
4922,368.911
4923,456.522
4924,467.572
4925,427.661
4926,393.606
4927,377.257
4928,400.162
4929,375.864
4930,377.773
4931,391.592
4932,443.523
4933,422.744
4934,437.575
4935,428.447
4936,432.162
4937,412.639
4938,397.605
4939,391.88
4940,404.043
4941,376.071
4942,345.976
4943,336.382
4944,330.238
4945,317.238
4946,360.096
4947,361.669
4948,383.422
4949,414.36
4950,442.759
4951,432.118
4952,442.73
4953,394.655
4954,428.855
4955,481.069
4956,450.981
4957,458.173
4958,435.907
4959,385.199
4960,350.427
4961,320.757
4962,311.384
4963,297.176
4964,335.668
4965,315.128
4966,307.794
4967,359.895
4968,351.078
4969,323.866
4970,342.441
4971,415.67
4972,383.63
4973,332.493
4974,303.131
4975,336.243
4976,353.176
4977,305.608
4978,271.764
4979,319.386
4980,318.308
4981,322.101
4982,319.547
4983,315.284
4984,282.392
4985,306.217
4986,301.41
4987,286.71
4988,250.711
4989,239.082
4990,251.591
4991,232.889
4992,217.679
4993,226.89
4994,235.902
4995,303.602
4996,293.109
4997,267.425
4998,235.945
4999,216.516
5000,203.662
5001,198.571
5002,237.184
5003,252.924
5004,224.277
5005,222.133
5006,220.749
5007,211.283
5008,191.078
5009,174.083
5010,168.503
5011,165.761
5012,164.245
5013,163.874
5014,153.406
5015,148.729
5016,160.308
5017,173.536
5018,159.483
5019,148.245
5020,173.757
5021,163.095
5022,151.83
5023,133.348
5024,121.776
5025,112.714
5026,106.91
5027,100.537
5028,104.452
5029,98.0724
5030,89.2845
5031,82.6339
5032,75.7635
5033,75.2728
5034,80.4203
5035,81.5947
5036,95.5024
5037,118.444
5038,159.232
5039,171.05
5040,155.758
5041,140.805
5042,130.334
5043,118.877
5044,109.768
5045,98.8973
5046,96.6238
5047,85.9352
5048,78.06
5049,76.3765
5050,74.8324
5051,68.5181
5052,63.3341
5053,59.1839
5054,58.7187
5055,57.8149
5056,57.3325
5057,56.8513
5058,53.4895
5059,50.748
5060,48.5091
5061,48.6733
5062,51.5047
5063,48.8948
5064,46.636
5065,44.7498
5066,43.1651
5067,41.8254
5068,40.7056
5069,41.5506
5070,40.3742
5071,39.3703
5072,38.5087
5073,37.9318
5074,37.281
5075,36.6892
5076,36.1887
5077,35.8142
5078,35.3964
5079,35.0402
5080,34.7743
5081,34.5201
5082,34.2062
5083,33.8984
5084,34.1585
5085,34.3042
5086,33.9294
5087,33.5911
5088,33.2777
5089,32.9926
5090,32.7463
5091,32.5054
5092,32.2869
5093,32.1153
5094,31.8984
5095,31.6989
5096,31.5017
5097,31.6886
5098,31.8731
5099,31.9865
5100,32.0717
5101,32.1465
5102,32.2227
5103,32.1514
5104,31.8897
5105,31.6512
5106,31.4306
5107,31.224
5108,31.028
5109,30.8407
5110,30.66
5111,30.485
5112,30.3146
5113,30.1482
5114,29.9854
5115,29.8258
5116,29.6693
5117,29.5156
5118,29.3647
5119,29.2165
5120,29.0709
5121,28.9279
5122,28.7875
5123,28.6495
5124,28.8104
5125,28.9843
5126,28.8312
5127,28.6579
5128,28.4986
5129,28.345
5130,28.3796
5131,28.2492
5132,28.0962
5133,29.9802
5134,30.2012
5135,30.0489
5136,30.1078
5137,30.8505
5138,30.7843
5139,30.736
5140,30.3745
5141,30.0471
5142,29.7529
5143,29.5087
5144,29.3212
5145,29.1019
5146,28.8734
5147,28.7104
5148,28.5545
5149,28.3969
5150,28.5559
5151,28.7569
5152,29.0971
5153,29.3904
5154,29.4817
5155,29.5384
5156,29.2912
5157,29.275
5158,29.2833
5159,29.7029
5160,30.9832
5161,31.3073
5162,33.629
5163,33.3779
5164,33.2416
5165,33.5743
5166,33.1142
5167,32.4955
5168,32.4342
5169,32.5313
5170,32.4346
5171,32.3792
5172,32.25
5173,34.4219
5174,34.2474
5175,35.1464
5176,34.9246
5177,34.5721
5178,34.4484
5179,33.8413
5180,33.3619
5181,33.0271
5182,33.0306
5183,33.2547
5184,33.5297
5185,35.9879
5186,36.8326
5187,37.1502
5188,39.0657
5189,41.5471
5190,45.7265
5191,50.6985
5192,56.5456
5193,54.5008
5194,53.364
5195,52.3796
5196,50.7905
5197,50.943
5198,50.5701
5199,53.5344
5200,54.592
5201,57.3491
5202,61.6394
5203,64.468
5204,62.6288
5205,59.8914
5206,57.5646
5207,56.304
5208,56.496
5209,58.349
5210,58.7479
5211,61.5418
5212,63.707
5213,63.2635
5214,61.5424
5215,59.0012
5216,58.2574
5217,56.6615
5218,54.123
5219,53.4099
5220,58.2846
5221,60.2122
5222,61.3814
5223,72.2819
5224,73.1158
5225,72.9114
5226,77.1532
5227,84.2396
5228,85.3341
5229,90.1926
5230,101.678
5231,99.5177
5232,97.8692
5233,100.76
5234,115.368
5235,109.403
5236,101.819
5237,98.1068
5238,91.7171
5239,94.4461
5240,93.2224
5241,93.0222
5242,109.36
5243,114.029
5244,112.617
5245,129.689
5246,136.191
5247,139.31
5248,130.408
5249,124.184
5250,124.174
5251,123.168
5252,134.621
5253,136.104
5254,153.592
5255,154.988
5256,158.451
5257,175.838
5258,169.565
5259,162.492
5260,157.881
5261,141.244
5262,133.967
5263,131.083
5264,122.885
5265,113.542
5266,122.783
5267,135.192
5268,146.674
5269,164.658
5270,182.744
5271,177.416
5272,179.604
5273,180.829
5274,174.584
5275,183.373
5276,188.718
5277,173.237
5278,176.715
5279,172.132
5280,173.528
5281,180.79
5282,184.296
5283,184.394
5284,189.879
5285,182.013
5286,166.795
5287,188.016
5288,200.94
5289,204.897
5290,194.615
5291,187.153
5292,184.913
5293,191.741
5294,187.299
5295,173.121
5296,187.22
5297,213.997
5298,229.451
5299,219.566
5300,241.317
5301,218.513
5302,220.633
5303,267.588
5304,264.502
5305,293.93
5306,322.145
5307,333.068
5308,347.578
5309,371.95
5310,442.719
5311,428.84
5312,472.412
5313,529.833
5314,558.378
5315,627.037
5316,676.377
5317,644.008
5318,608.673
5319,535.975
5320,523.675
5321,527.986
5322,487.54
5323,429.329
5324,410.361
5325,482.309
5326,514.653
5327,489.85
5328,482.599
5329,489.333
5330,499.01
5331,492.467
5332,470.744
5333,448.794
5334,513.191
5335,487.573
5336,429.729
5337,453.44
5338,474.646
5339,531.761
5340,602.758
5341,629.936
5342,634.982
5343,625.746
5344,570.235
5345,503.348
5346,484.866
5347,423.351
5348,401.965
5349,378.328
5350,381.388
5351,405.539
5352,444.157
5353,528.399
5354,460.867
5355,455.674
5356,451.491
5357,414.362
5358,410.922
5359,387.54
5360,345.926
5361,337.585
5362,316.762
5363,348.135
5364,348.842
5365,343.584
5366,318.245
5367,364.021
5368,451.1
5369,435.41
5370,426.67
5371,384.604
5372,379.668
5373,380.661
5374,352.515
5375,339.963
5376,331.726
5377,375.587
5378,360.874
5379,342.095
5380,296.954
5381,268.632
5382,288.207
5383,309.878
5384,268.261
5385,238.217
5386,221.572
5387,200.555
5388,168.752
5389,142.747
5390,122.488
5391,106.031
5392,93.7343
5393,83.8663
5394,75.8759
5395,69.9129
5396,71.3848
5397,65.1404
5398,59.5178
5399,54.6463
5400,57.849
5401,99.594
5402,185.967
5403,181.021
5404,165.644
5405,145.843
5406,126.1
5407,109.701
5408,96.6747
5409,85.5276
5410,76.3746
5411,68.8792
5412,65.9465
5413,64.0678
5414,58.5585
5415,54.069
5416,50.5475
5417,47.5481
5418,45.0165
5419,42.8004
5420,41.0909
5421,39.5592
5422,38.2234
5423,37.0471
5424,36.0407
5425,35.252
5426,34.5085
5427,33.7381
5428,36.2967
5429,35.2314
5430,34.18
5431,33.3724
5432,32.5077
5433,31.805
5434,31.0499
5435,30.3349
5436,29.6989
5437,29.1832
5438,28.6733
5439,28.2394
5440,27.847
5441,27.4834
5442,27.1707
5443,26.8599
5444,26.5595
5445,26.2872
5446,26.0311
5447,25.7922
5448,25.5715
5449,25.363
5450,25.1683
5451,24.9855
5452,25.0996
5453,24.8958
5454,24.7173
5455,24.5384
5456,24.3619
5457,24.2228
5458,24.0686
5459,23.9173
5460,23.7754
5461,23.6415
5462,26.7185
5463,29.3635
5464,31.5074
5465,31.0367
5466,30.3526
5467,29.8003
5468,29.2514
5469,28.7922
5470,28.4228
5471,28.24
5472,28.0096
5473,27.7011
5474,27.7084
5475,27.4495
5476,27.1289
5477,26.8434
5478,26.5906
5479,26.3352
5480,26.4002
5481,33.7112
5482,38.6772
5483,45.3194
5484,44.723
5485,43.4212
5486,41.8839
5487,41.3744
5488,40.1204
5489,39.0435
5490,38.0628
5491,37.1796
5492,36.3715
5493,35.6217
5494,34.9248
5495,34.5942
5496,34.256
5497,33.9175
5498,33.2738
5499,32.6469
5500,32.0786
5501,31.5743
5502,31.691
5503,31.2777
5504,30.7513
5505,30.4763
5506,30.2261
5507,29.7395
5508,29.2707
5509,28.7888
5510,28.3343
5511,28.2256
5512,28.1314
5513,28.0171
5514,27.946
5515,27.7079
5516,27.3813
5517,27.3525
5518,27.2624
5519,27.5058
5520,27.5544
5521,27.6426
5522,27.6018
5523,27.5993
5524,27.5229
5525,27.4939
5526,28.9484
5527,29.0768
5528,30.3416
5529,30.823
5530,32.1678
5531,33.402
5532,34.7939
5533,39.6997
5534,43.9845
5535,44.8955
5536,43.5951
5537,46.8735
5538,44.604
5539,43.347
5540,47.9056
5541,55.1652
5542,54.6725
5543,52.2259
5544,50.0416
5545,48.5612
5546,47.714
5547,48.6601
5548,48.4953
5549,48.4451
5550,48.9626
5551,53.4704
5552,55.1187
5553,52.7985
5554,58.1543
5555,56.2891
5556,54.3945
5557,52.3694
5558,51.6339
5559,53.0776
5560,55.5239
5561,58.7682
5562,65.0657
5563,73.6666
5564,81.8086
5565,84.6168
5566,85.3995
5567,93.323
5568,86.5941
5569,88.4103
5570,83.839
5571,80.6209
5572,77.9464
5573,73.9565
5574,70.9195
5575,68.1566
5576,65.3415
5577,64.3499
5578,64.9553
5579,65.8839
5580,67.0225
5581,66.6395
5582,65.5411
5583,64.3374
5584,64.6173
5585,67.5813
5586,66.23
5587,65.646
5588,68.5703
5589,76.253
5590,87.7449
5591,83.5719
5592,80.6752
5593,77.7391
5594,72.9468
5595,69.541
5596,67.382
5597,67.0399
5598,65.2277
5599,64.6556
5600,72.1678
5601,79.4872
5602,76.8782
5603,78.681
5604,86.7826
5605,107.085
5606,120.3
5607,129.112
5608,154.656
5609,168.646
5610,203.763
5611,190.877
5612,192.21
5613,203.443
5614,209.255
5615,214.354
5616,200.935
5617,187.977
5618,184.641
5619,190.212
5620,190.562
5621,171.142
5622,165.317
5623,166.109
5624,165.623
5625,154.709
5626,187.056
5627,174.362
5628,181.725
5629,197.843
5630,188.456
5631,183.79
5632,174.099
5633,166.456
5634,175.555
5635,191.007
5636,198.518
5637,222.704
5638,229.695
5639,241.6
5640,228.8
5641,219.761
5642,269.758
5643,258.341
5644,245.634
5645,222.037
5646,203.472
5647,194.49
5648,201.526
5649,199.544
5650,195.224
5651,190.522
5652,184.047
5653,187.496
5654,196.362
5655,191.132
5656,195.064
5657,237.47
5658,226.713
5659,211.45
5660,217.417
5661,239.717
5662,233.191
5663,267.25
5664,301.058
5665,322.089
5666,335.145
5667,327.029
5668,355.009
5669,356.551
5670,341.456
5671,350.315
5672,330.104
5673,310.214
5674,312.396
5675,290.563
5676,341.414
5677,333.434
5678,298.521
5679,280.193
5680,327.906
5681,301.65
5682,294.607
5683,317.118
5684,333.177
5685,369.098
5686,345.081
5687,334.856
5688,323.937
5689,317.138
5690,356.976
5691,350.463
5692,321.492
5693,333.977
5694,319.577
5695,292.632
5696,270.197
5697,274.934
5698,253.525
5699,257.102
5700,284.134
5701,320.342
5702,445.272
5703,399.6
5704,352.751
5705,343.453
5706,390.801
5707,385.701
5708,439.703
5709,386.633
5710,351.081
5711,311.617
5712,351.609
5713,361.561
5714,350.062
5715,311.246
5716,281.195
5717,312.216
5718,344.274
5719,387.136
5720,360.76
5721,352.795
5722,312.029
5723,298.665
5724,287.636
5725,349.221
5726,318.264
5727,296.928
5728,278.094
5729,253.4
5730,293.637
5731,295.005
5732,296.817
5733,293.567
5734,271.07
5735,249.219
5736,253.053
5737,375.776
5738,336.373
5739,300.037
5740,265.834
5741,238.004
5742,235.673
5743,275.627
5744,270.896
5745,239.694
5746,226.179
5747,199.754
5748,169.203
5749,204.029
5750,181.523
5751,174.259
5752,159.668
5753,149.595
5754,143.093
5755,142.005
5756,130.822
5757,126.723
5758,126.677
5759,136.603
5760,126.009
5761,116.509
5762,108.561
5763,101.637
5764,97.7913
5765,94.1707
5766,84.3222
5767,75.8667
5768,74.4003
5769,71.8571
5770,65.5846
5771,64.5729
5772,60.9389
5773,57.3499
5774,58.4552
5775,54.5769
5776,51.1473
5777,48.3136
5778,46.0818
5779,44.0606
5780,43.0464
5781,46.873
5782,58.5511
5783,59.093
5784,54.6797
5785,50.9973
5786,51.6747
5787,52.8497
5788,49.0129
5789,59.5808
5790,54.4985
5791,50.6304
5792,47.4099
5793,44.4498
5794,41.9769
5795,42.1849
5796,40.1766
5797,38.5346
5798,37.2259
5799,36.0987
5800,35.0315
5801,35.168
5802,34.0986
5803,33.2459
5804,32.4971
5805,31.927
5806,31.4601
5807,30.9617
5808,30.6138
5809,30.3041
5810,29.9233
5811,29.557
5812,29.2303
5813,28.8856
5814,28.56
5815,28.2658
5816,28.0112
5817,27.7892
5818,27.5735
5819,27.359
5820,27.1569
5821,26.9671
5822,26.7906
5823,26.64
5824,26.4763
5825,26.6861
5826,26.5053
5827,26.3367
5828,26.1791
5829,26.0307
5830,25.8899
5831,25.7554
5832,25.6262
5833,25.5016
5834,25.3808
5835,25.2634
5836,25.1489
5837,25.0371
5838,24.9277
5839,24.8204
5840,24.7151
5841,24.6117
5842,24.51
5843,24.7987
5844,24.6745
